cache_mib,name,depth,mode,legality,cache,ways,sample,traverse_ns,clear_ns,total_ns
1,initial,5,bulk,placement,uncached,0,1,67000458,0,67000458
1,initial,5,bulk,placement,uncached,0,2,67429000,0,67429000
1,initial,5,bulk,placement,uncached,0,3,66992291,0,66992291
1,initial,5,bulk,placement,uncached,0,4,67546916,0,67546916
1,initial,5,bulk,placement,uncached,0,5,66933417,0,66933417
1,initial,5,bulk,placement,uncached,0,6,67413750,0,67413750
1,initial,5,bulk,placement,uncached,0,7,67315583,0,67315583
1,initial,5,bulk,placement,uncached,0,8,67536333,0,67536333
1,initial,5,bulk,placement,uncached,0,9,67405375,0,67405375
1,initial,5,bulk,placement,uncached,0,10,67560042,0,67560042
1,initial,5,bulk,placement,uncached,0,11,67368584,0,67368584
1,initial,5,bulk,placement,uncached,0,12,67254083,0,67254083
1,initial,5,bulk,placement,uncached,0,13,67173583,0,67173583
1,initial,5,bulk,placement,uncached,0,14,67710333,0,67710333
1,initial,5,bulk,placement,uncached,0,15,67292958,0,67292958
1,initial,5,bulk,placement,uncached,0,16,67325583,0,67325583
1,initial,5,bulk,placement,uncached,0,17,67233208,0,67233208
1,initial,5,bulk,placement,uncached,0,18,67694667,0,67694667
1,initial,5,bulk,placement,uncached,0,19,67284209,0,67284209
1,initial,5,bulk,placement,uncached,0,20,67584334,0,67584334
1,initial,5,bulk,placement,uncached,0,21,68013458,0,68013458
1,initial,5,bulk,placement,cached,1,1,37107708,17958,37125666
1,initial,5,bulk,placement,cached,1,2,37345708,19250,37364958
1,initial,5,bulk,placement,cached,1,3,37224875,19125,37244000
1,initial,5,bulk,placement,cached,1,4,37375083,16083,37391166
1,initial,5,bulk,placement,cached,1,5,36953833,16500,36970333
1,initial,5,bulk,placement,cached,1,6,37024958,16667,37041625
1,initial,5,bulk,placement,cached,1,7,37645459,16041,37661500
1,initial,5,bulk,placement,cached,1,8,37844625,16041,37860666
1,initial,5,bulk,placement,cached,1,9,37491083,17333,37508416
1,initial,5,bulk,placement,cached,1,10,37623666,20250,37643916
1,initial,5,bulk,placement,cached,1,11,37427208,15833,37443041
1,initial,5,bulk,placement,cached,1,12,37418666,17209,37435875
1,initial,5,bulk,placement,cached,1,13,37279833,15875,37295708
1,initial,5,bulk,placement,cached,1,14,37765541,15667,37781208
1,initial,5,bulk,placement,cached,1,15,37164291,15500,37179791
1,initial,5,bulk,placement,cached,1,16,37945125,16083,37961208
1,initial,5,bulk,placement,cached,1,17,37452333,18542,37470875
1,initial,5,bulk,placement,cached,1,18,37179916,16833,37196749
1,initial,5,bulk,placement,cached,1,19,37296625,15500,37312125
1,initial,5,bulk,placement,cached,1,20,37533542,15958,37549500
1,initial,5,bulk,placement,cached,1,21,37478292,16250,37494542
1,initial,5,bulk,placement,cached,2,1,30773500,17958,30791458
1,initial,5,bulk,placement,cached,2,2,30819792,15583,30835375
1,initial,5,bulk,placement,cached,2,3,31095083,16583,31111666
1,initial,5,bulk,placement,cached,2,4,30839916,15458,30855374
1,initial,5,bulk,placement,cached,2,5,30686542,15917,30702459
1,initial,5,bulk,placement,cached,2,6,30775583,15334,30790917
1,initial,5,bulk,placement,cached,2,7,30875542,18000,30893542
1,initial,5,bulk,placement,cached,2,8,30821084,15500,30836584
1,initial,5,bulk,placement,cached,2,9,30980291,16667,30996958
1,initial,5,bulk,placement,cached,2,10,30824917,15500,30840417
1,initial,5,bulk,placement,cached,2,11,30896958,16625,30913583
1,initial,5,bulk,placement,cached,2,12,30849292,15417,30864709
1,initial,5,bulk,placement,cached,2,13,30930875,16375,30947250
1,initial,5,bulk,placement,cached,2,14,31317333,16250,31333583
1,initial,5,bulk,placement,cached,2,15,30848792,16333,30865125
1,initial,5,bulk,placement,cached,2,16,31035291,15625,31050916
1,initial,5,bulk,placement,cached,2,17,30656042,17792,30673834
1,initial,5,bulk,placement,cached,2,18,30899333,15542,30914875
1,initial,5,bulk,placement,cached,2,19,31018208,15500,31033708
1,initial,5,bulk,placement,cached,2,20,30883083,16417,30899500
1,initial,5,bulk,placement,cached,2,21,31294125,16500,31310625
1,initial,5,bulk,placement,cached,4,1,30706917,16375,30723292
1,initial,5,bulk,placement,cached,4,2,30261709,15584,30277293
1,initial,5,bulk,placement,cached,4,3,30645708,16125,30661833
1,initial,5,bulk,placement,cached,4,4,30329834,16125,30345959
1,initial,5,bulk,placement,cached,4,5,30166875,16500,30183375
1,initial,5,bulk,placement,cached,4,6,30341750,15417,30357167
1,initial,5,bulk,placement,cached,4,7,31298750,16333,31315083
1,initial,5,bulk,placement,cached,4,8,30312000,15750,30327750
1,initial,5,bulk,placement,cached,4,9,30862625,18875,30881500
1,initial,5,bulk,placement,cached,4,10,30410125,15459,30425584
1,initial,5,bulk,placement,cached,4,11,30546833,16166,30562999
1,initial,5,bulk,placement,cached,4,12,30369166,16417,30385583
1,initial,5,bulk,placement,cached,4,13,30653667,22208,30675875
1,initial,5,bulk,placement,cached,4,14,30482917,16417,30499334
1,initial,5,bulk,placement,cached,4,15,30343708,16500,30360208
1,initial,5,bulk,placement,cached,4,16,30525333,15667,30541000
1,initial,5,bulk,placement,cached,4,17,30784375,16125,30800500
1,initial,5,bulk,placement,cached,4,18,30469875,15333,30485208
1,initial,5,bulk,placement,cached,4,19,30310958,16125,30327083
1,initial,5,bulk,placement,cached,4,20,30223000,16750,30239750
1,initial,5,bulk,placement,cached,4,21,31003792,19334,31023126
1,initial,5,apply,placement,uncached,0,1,151622416,0,151622416
1,initial,5,apply,placement,uncached,0,2,212993792,0,212993792
1,initial,5,apply,placement,uncached,0,3,151076292,0,151076292
1,initial,5,apply,placement,uncached,0,4,150682792,0,150682792
1,initial,5,apply,placement,uncached,0,5,150376709,0,150376709
1,initial,5,apply,placement,uncached,0,6,151693083,0,151693083
1,initial,5,apply,placement,uncached,0,7,151807209,0,151807209
1,initial,5,apply,placement,uncached,0,8,151369917,0,151369917
1,initial,5,apply,placement,uncached,0,9,151469458,0,151469458
1,initial,5,apply,placement,uncached,0,10,151283542,0,151283542
1,initial,5,apply,placement,uncached,0,11,151463708,0,151463708
1,initial,5,apply,placement,uncached,0,12,151157708,0,151157708
1,initial,5,apply,placement,uncached,0,13,151381333,0,151381333
1,initial,5,apply,placement,uncached,0,14,152173000,0,152173000
1,initial,5,apply,placement,uncached,0,15,151096750,0,151096750
1,initial,5,apply,placement,uncached,0,16,151703917,0,151703917
1,initial,5,apply,placement,uncached,0,17,151317917,0,151317917
1,initial,5,apply,placement,uncached,0,18,151150125,0,151150125
1,initial,5,apply,placement,uncached,0,19,151427917,0,151427917
1,initial,5,apply,placement,uncached,0,20,151199375,0,151199375
1,initial,5,apply,placement,uncached,0,21,151575292,0,151575292
1,initial,5,apply,placement,cached,1,1,80041458,17958,80059416
1,initial,5,apply,placement,cached,1,2,81223833,16792,81240625
1,initial,5,apply,placement,cached,1,3,79114792,17916,79132708
1,initial,5,apply,placement,cached,1,4,79262375,16459,79278834
1,initial,5,apply,placement,cached,1,5,78903333,18292,78921625
1,initial,5,apply,placement,cached,1,6,80439375,16792,80456167
1,initial,5,apply,placement,cached,1,7,79971542,17750,79989292
1,initial,5,apply,placement,cached,1,8,80288417,16333,80304750
1,initial,5,apply,placement,cached,1,9,80061417,18000,80079417
1,initial,5,apply,placement,cached,1,10,80394042,16458,80410500
1,initial,5,apply,placement,cached,1,11,79604500,16750,79621250
1,initial,5,apply,placement,cached,1,12,80485875,16041,80501916
1,initial,5,apply,placement,cached,1,13,79636875,16417,79653292
1,initial,5,apply,placement,cached,1,14,80992750,16208,81008958
1,initial,5,apply,placement,cached,1,15,79676875,16042,79692917
1,initial,5,apply,placement,cached,1,16,81051625,17000,81068625
1,initial,5,apply,placement,cached,1,17,79739500,15917,79755417
1,initial,5,apply,placement,cached,1,18,80341250,17417,80358667
1,initial,5,apply,placement,cached,1,19,79745333,17000,79762333
1,initial,5,apply,placement,cached,1,20,81040833,16000,81056833
1,initial,5,apply,placement,cached,1,21,79673459,17084,79690543
1,initial,5,apply,placement,cached,2,1,65561333,17750,65579083
1,initial,5,apply,placement,cached,2,2,66509083,15917,66525000
1,initial,5,apply,placement,cached,2,3,64900042,15875,64915917
1,initial,5,apply,placement,cached,2,4,64831708,15542,64847250
1,initial,5,apply,placement,cached,2,5,64750833,16792,64767625
1,initial,5,apply,placement,cached,2,6,65479792,18000,65497792
1,initial,5,apply,placement,cached,2,7,65455583,17375,65472958
1,initial,5,apply,placement,cached,2,8,65424958,17500,65442458
1,initial,5,apply,placement,cached,2,9,65543583,18459,65562042
1,initial,5,apply,placement,cached,2,10,65406208,18042,65424250
1,initial,5,apply,placement,cached,2,11,65604667,17250,65621917
1,initial,5,apply,placement,cached,2,12,65401167,16875,65418042
1,initial,5,apply,placement,cached,2,13,66600291,21917,66622208
1,initial,5,apply,placement,cached,2,14,65594792,16750,65611542
1,initial,5,apply,placement,cached,2,15,65063083,18166,65081249
1,initial,5,apply,placement,cached,2,16,65822167,19584,65841751
1,initial,5,apply,placement,cached,2,17,65112958,17083,65130041
1,initial,5,apply,placement,cached,2,18,65744541,18167,65762708
1,initial,5,apply,placement,cached,2,19,65303750,18041,65321791
1,initial,5,apply,placement,cached,2,20,65136458,17375,65153833
1,initial,5,apply,placement,cached,2,21,65673459,17500,65690959
1,initial,5,apply,placement,cached,4,1,65773875,17709,65791584
1,initial,5,apply,placement,cached,4,2,63788875,17459,63806334
1,initial,5,apply,placement,cached,4,3,63529709,16500,63546209
1,initial,5,apply,placement,cached,4,4,63533083,15917,63549000
1,initial,5,apply,placement,cached,4,5,64933250,22750,64956000
1,initial,5,apply,placement,cached,4,6,64183875,18042,64201917
1,initial,5,apply,placement,cached,4,7,65062791,16042,65078833
1,initial,5,apply,placement,cached,4,8,64003833,18042,64021875
1,initial,5,apply,placement,cached,4,9,65042917,19333,65062250
1,initial,5,apply,placement,cached,4,10,64014791,15792,64030583
1,initial,5,apply,placement,cached,4,11,65921666,18417,65940083
1,initial,5,apply,placement,cached,4,12,63689458,17333,63706791
1,initial,5,apply,placement,cached,4,13,66267375,16250,66283625
1,initial,5,apply,placement,cached,4,14,63849791,18000,63867791
1,initial,5,apply,placement,cached,4,15,64618458,15958,64634416
1,initial,5,apply,placement,cached,4,16,64071042,17750,64088792
1,initial,5,apply,placement,cached,4,17,64281375,17417,64298792
1,initial,5,apply,placement,cached,4,18,64902417,19125,64921542
1,initial,5,apply,placement,cached,4,19,64988959,17042,65006001
1,initial,5,apply,placement,cached,4,20,63865666,16625,63882291
1,initial,5,apply,placement,cached,4,21,64951083,16417,64967500
1,kiwipete,4,bulk,placement,uncached,0,1,59847666,0,59847666
1,kiwipete,4,bulk,placement,uncached,0,2,58218166,0,58218166
1,kiwipete,4,bulk,placement,uncached,0,3,57743959,0,57743959
1,kiwipete,4,bulk,placement,uncached,0,4,58292625,0,58292625
1,kiwipete,4,bulk,placement,uncached,0,5,57692209,0,57692209
1,kiwipete,4,bulk,placement,uncached,0,6,58283875,0,58283875
1,kiwipete,4,bulk,placement,uncached,0,7,58367459,0,58367459
1,kiwipete,4,bulk,placement,uncached,0,8,58388375,0,58388375
1,kiwipete,4,bulk,placement,uncached,0,9,59843208,0,59843208
1,kiwipete,4,bulk,placement,uncached,0,10,58232542,0,58232542
1,kiwipete,4,bulk,placement,uncached,0,11,60191083,0,60191083
1,kiwipete,4,bulk,placement,uncached,0,12,58568416,0,58568416
1,kiwipete,4,bulk,placement,uncached,0,13,58240042,0,58240042
1,kiwipete,4,bulk,placement,uncached,0,14,58347250,0,58347250
1,kiwipete,4,bulk,placement,uncached,0,15,59274417,0,59274417
1,kiwipete,4,bulk,placement,uncached,0,16,58281833,0,58281833
1,kiwipete,4,bulk,placement,uncached,0,17,57894625,0,57894625
1,kiwipete,4,bulk,placement,uncached,0,18,58275833,0,58275833
1,kiwipete,4,bulk,placement,uncached,0,19,58443042,0,58443042
1,kiwipete,4,bulk,placement,uncached,0,20,58443375,0,58443375
1,kiwipete,4,bulk,placement,uncached,0,21,58464959,0,58464959
1,kiwipete,4,bulk,placement,cached,1,1,48850625,20167,48870792
1,kiwipete,4,bulk,placement,cached,1,2,48149875,15833,48165708
1,kiwipete,4,bulk,placement,cached,1,3,47370334,16125,47386459
1,kiwipete,4,bulk,placement,cached,1,4,47407041,16375,47423416
1,kiwipete,4,bulk,placement,cached,1,5,47552791,17000,47569791
1,kiwipete,4,bulk,placement,cached,1,6,47759459,16750,47776209
1,kiwipete,4,bulk,placement,cached,1,7,47767792,16416,47784208
1,kiwipete,4,bulk,placement,cached,1,8,47873375,16167,47889542
1,kiwipete,4,bulk,placement,cached,1,9,48065208,18792,48084000
1,kiwipete,4,bulk,placement,cached,1,10,48029667,17083,48046750
1,kiwipete,4,bulk,placement,cached,1,11,48378459,21583,48400042
1,kiwipete,4,bulk,placement,cached,1,12,47949791,16000,47965791
1,kiwipete,4,bulk,placement,cached,1,13,47850250,16167,47866417
1,kiwipete,4,bulk,placement,cached,1,14,48111583,15792,48127375
1,kiwipete,4,bulk,placement,cached,1,15,49636000,18666,49654666
1,kiwipete,4,bulk,placement,cached,1,16,48657416,16208,48673624
1,kiwipete,4,bulk,placement,cached,1,17,47858667,18750,47877417
1,kiwipete,4,bulk,placement,cached,1,18,48023083,16083,48039166
1,kiwipete,4,bulk,placement,cached,1,19,48067625,21667,48089292
1,kiwipete,4,bulk,placement,cached,1,20,48083458,16875,48100333
1,kiwipete,4,bulk,placement,cached,1,21,47992250,15625,48007875
1,kiwipete,4,bulk,placement,cached,2,1,47582250,18250,47600500
1,kiwipete,4,bulk,placement,cached,2,2,47192541,16042,47208583
1,kiwipete,4,bulk,placement,cached,2,3,46713250,18417,46731667
1,kiwipete,4,bulk,placement,cached,2,4,46675458,16125,46691583
1,kiwipete,4,bulk,placement,cached,2,5,46778917,16417,46795334
1,kiwipete,4,bulk,placement,cached,2,6,46984292,15750,47000042
1,kiwipete,4,bulk,placement,cached,2,7,47105625,15959,47121584
1,kiwipete,4,bulk,placement,cached,2,8,49733417,17459,49750876
1,kiwipete,4,bulk,placement,cached,2,9,47859500,16708,47876208
1,kiwipete,4,bulk,placement,cached,2,10,47542250,15625,47557875
1,kiwipete,4,bulk,placement,cached,2,11,47203583,16708,47220291
1,kiwipete,4,bulk,placement,cached,2,12,47088625,18250,47106875
1,kiwipete,4,bulk,placement,cached,2,13,46937791,15667,46953458
1,kiwipete,4,bulk,placement,cached,2,14,46951250,16458,46967708
1,kiwipete,4,bulk,placement,cached,2,15,48014375,16334,48030709
1,kiwipete,4,bulk,placement,cached,2,16,47471459,17250,47488709
1,kiwipete,4,bulk,placement,cached,2,17,47144542,18958,47163500
1,kiwipete,4,bulk,placement,cached,2,18,46992500,15875,47008375
1,kiwipete,4,bulk,placement,cached,2,19,47184166,17083,47201249
1,kiwipete,4,bulk,placement,cached,2,20,46712458,17334,46729792
1,kiwipete,4,bulk,placement,cached,2,21,47162458,18042,47180500
1,kiwipete,4,bulk,placement,cached,4,1,47943458,16833,47960291
1,kiwipete,4,bulk,placement,cached,4,2,46665542,21375,46686917
1,kiwipete,4,bulk,placement,cached,4,3,46135584,15834,46151418
1,kiwipete,4,bulk,placement,cached,4,4,46076125,15667,46091792
1,kiwipete,4,bulk,placement,cached,4,5,46774041,16083,46790124
1,kiwipete,4,bulk,placement,cached,4,6,46638292,15833,46654125
1,kiwipete,4,bulk,placement,cached,4,7,46644875,16292,46661167
1,kiwipete,4,bulk,placement,cached,4,8,48195250,19250,48214500
1,kiwipete,4,bulk,placement,cached,4,9,47451667,17042,47468709
1,kiwipete,4,bulk,placement,cached,4,10,46821917,17792,46839709
1,kiwipete,4,bulk,placement,cached,4,11,46650167,16458,46666625
1,kiwipete,4,bulk,placement,cached,4,12,46307625,16833,46324458
1,kiwipete,4,bulk,placement,cached,4,13,46748334,16416,46764750
1,kiwipete,4,bulk,placement,cached,4,14,46395333,16375,46411708
1,kiwipete,4,bulk,placement,cached,4,15,46672417,17042,46689459
1,kiwipete,4,bulk,placement,cached,4,16,46617250,17666,46634916
1,kiwipete,4,bulk,placement,cached,4,17,47774250,16208,47790458
1,kiwipete,4,bulk,placement,cached,4,18,46408416,15417,46423833
1,kiwipete,4,bulk,placement,cached,4,19,47008750,16417,47025167
1,kiwipete,4,bulk,placement,cached,4,20,46350875,15875,46366750
1,kiwipete,4,bulk,placement,cached,4,21,46941209,16125,46957334
1,kiwipete,4,apply,placement,uncached,0,1,134847875,0,134847875
1,kiwipete,4,apply,placement,uncached,0,2,131651208,0,131651208
1,kiwipete,4,apply,placement,uncached,0,3,131281167,0,131281167
1,kiwipete,4,apply,placement,uncached,0,4,131942041,0,131942041
1,kiwipete,4,apply,placement,uncached,0,5,131394084,0,131394084
1,kiwipete,4,apply,placement,uncached,0,6,131278666,0,131278666
1,kiwipete,4,apply,placement,uncached,0,7,131633917,0,131633917
1,kiwipete,4,apply,placement,uncached,0,8,141009417,0,141009417
1,kiwipete,4,apply,placement,uncached,0,9,132074042,0,132074042
1,kiwipete,4,apply,placement,uncached,0,10,131676292,0,131676292
1,kiwipete,4,apply,placement,uncached,0,11,131651083,0,131651083
1,kiwipete,4,apply,placement,uncached,0,12,132316292,0,132316292
1,kiwipete,4,apply,placement,uncached,0,13,131736084,0,131736084
1,kiwipete,4,apply,placement,uncached,0,14,132610666,0,132610666
1,kiwipete,4,apply,placement,uncached,0,15,134465750,0,134465750
1,kiwipete,4,apply,placement,uncached,0,16,132204375,0,132204375
1,kiwipete,4,apply,placement,uncached,0,17,132135792,0,132135792
1,kiwipete,4,apply,placement,uncached,0,18,131809542,0,131809542
1,kiwipete,4,apply,placement,uncached,0,19,132543167,0,132543167
1,kiwipete,4,apply,placement,uncached,0,20,131827292,0,131827292
1,kiwipete,4,apply,placement,uncached,0,21,132096375,0,132096375
1,kiwipete,4,apply,placement,cached,1,1,109582083,19042,109601125
1,kiwipete,4,apply,placement,cached,1,2,106958166,16333,106974499
1,kiwipete,4,apply,placement,cached,1,3,105941708,17917,105959625
1,kiwipete,4,apply,placement,cached,1,4,106449542,18458,106468000
1,kiwipete,4,apply,placement,cached,1,5,106256875,18875,106275750
1,kiwipete,4,apply,placement,cached,1,6,106550084,16083,106566167
1,kiwipete,4,apply,placement,cached,1,7,106295083,16000,106311083
1,kiwipete,4,apply,placement,cached,1,8,123425375,23209,123448584
1,kiwipete,4,apply,placement,cached,1,9,106596792,18125,106614917
1,kiwipete,4,apply,placement,cached,1,10,107702458,16292,107718750
1,kiwipete,4,apply,placement,cached,1,11,106944875,18125,106963000
1,kiwipete,4,apply,placement,cached,1,12,107617250,16250,107633500
1,kiwipete,4,apply,placement,cached,1,13,106881625,17750,106899375
1,kiwipete,4,apply,placement,cached,1,14,108555958,16375,108572333
1,kiwipete,4,apply,placement,cached,1,15,109519042,16875,109535917
1,kiwipete,4,apply,placement,cached,1,16,107913834,16500,107930334
1,kiwipete,4,apply,placement,cached,1,17,106636542,16500,106653042
1,kiwipete,4,apply,placement,cached,1,18,107697208,16125,107713333
1,kiwipete,4,apply,placement,cached,1,19,107838458,18958,107857416
1,kiwipete,4,apply,placement,cached,1,20,107535875,16250,107552125
1,kiwipete,4,apply,placement,cached,1,21,107119833,18417,107138250
1,kiwipete,4,apply,placement,cached,2,1,106672042,17792,106689834
1,kiwipete,4,apply,placement,cached,2,2,103454125,17375,103471500
1,kiwipete,4,apply,placement,cached,2,3,103443875,15667,103459542
1,kiwipete,4,apply,placement,cached,2,4,103705458,19541,103724999
1,kiwipete,4,apply,placement,cached,2,5,104115791,15958,104131749
1,kiwipete,4,apply,placement,cached,2,6,103529750,16959,103546709
1,kiwipete,4,apply,placement,cached,2,7,103379584,16500,103396084
1,kiwipete,4,apply,placement,cached,2,8,186040334,19041,186059375
1,kiwipete,4,apply,placement,cached,2,9,104672417,17916,104690333
1,kiwipete,4,apply,placement,cached,2,10,104483583,22625,104506208
1,kiwipete,4,apply,placement,cached,2,11,104431708,19208,104450916
1,kiwipete,4,apply,placement,cached,2,12,104307000,18458,104325458
1,kiwipete,4,apply,placement,cached,2,13,104056334,18250,104074584
1,kiwipete,4,apply,placement,cached,2,14,104745209,19041,104764250
1,kiwipete,4,apply,placement,cached,2,15,105982625,21875,106004500
1,kiwipete,4,apply,placement,cached,2,16,104773292,24083,104797375
1,kiwipete,4,apply,placement,cached,2,17,103806250,17208,103823458
1,kiwipete,4,apply,placement,cached,2,18,104696875,19083,104715958
1,kiwipete,4,apply,placement,cached,2,19,105108084,18542,105126626
1,kiwipete,4,apply,placement,cached,2,20,104129083,17625,104146708
1,kiwipete,4,apply,placement,cached,2,21,103857833,16333,103874166
1,kiwipete,4,apply,placement,cached,4,1,106328333,19125,106347458
1,kiwipete,4,apply,placement,cached,4,2,101976792,16167,101992959
1,kiwipete,4,apply,placement,cached,4,3,101991416,19083,102010499
1,kiwipete,4,apply,placement,cached,4,4,102914084,18375,102932459
1,kiwipete,4,apply,placement,cached,4,5,102320209,17250,102337459
1,kiwipete,4,apply,placement,cached,4,6,101648833,16417,101665250
1,kiwipete,4,apply,placement,cached,4,7,102266500,17292,102283792
1,kiwipete,4,apply,placement,cached,4,8,105627375,16500,105643875
1,kiwipete,4,apply,placement,cached,4,9,102724750,18292,102743042
1,kiwipete,4,apply,placement,cached,4,10,102278583,19250,102297833
1,kiwipete,4,apply,placement,cached,4,11,103411792,18250,103430042
1,kiwipete,4,apply,placement,cached,4,12,102739917,18666,102758583
1,kiwipete,4,apply,placement,cached,4,13,104171708,17291,104188999
1,kiwipete,4,apply,placement,cached,4,14,104972042,17500,104989542
1,kiwipete,4,apply,placement,cached,4,15,105379792,18667,105398459
1,kiwipete,4,apply,placement,cached,4,16,102300375,18250,102318625
1,kiwipete,4,apply,placement,cached,4,17,102898500,18417,102916917
1,kiwipete,4,apply,placement,cached,4,18,103345375,19000,103364375
1,kiwipete,4,apply,placement,cached,4,19,103256666,18959,103275625
1,kiwipete,4,apply,placement,cached,4,20,102089958,17542,102107500
1,kiwipete,4,apply,placement,cached,4,21,103375125,18542,103393667
1,endgame,5,bulk,placement,uncached,0,1,12964292,0,12964292
1,endgame,5,bulk,placement,uncached,0,2,12755917,0,12755917
1,endgame,5,bulk,placement,uncached,0,3,12673625,0,12673625
1,endgame,5,bulk,placement,uncached,0,4,12763333,0,12763333
1,endgame,5,bulk,placement,uncached,0,5,12730292,0,12730292
1,endgame,5,bulk,placement,uncached,0,6,12909334,0,12909334
1,endgame,5,bulk,placement,uncached,0,7,12702583,0,12702583
1,endgame,5,bulk,placement,uncached,0,8,13084500,0,13084500
1,endgame,5,bulk,placement,uncached,0,9,12748541,0,12748541
1,endgame,5,bulk,placement,uncached,0,10,12809500,0,12809500
1,endgame,5,bulk,placement,uncached,0,11,12899167,0,12899167
1,endgame,5,bulk,placement,uncached,0,12,12885000,0,12885000
1,endgame,5,bulk,placement,uncached,0,13,12856250,0,12856250
1,endgame,5,bulk,placement,uncached,0,14,12929875,0,12929875
1,endgame,5,bulk,placement,uncached,0,15,13182333,0,13182333
1,endgame,5,bulk,placement,uncached,0,16,12881917,0,12881917
1,endgame,5,bulk,placement,uncached,0,17,12755375,0,12755375
1,endgame,5,bulk,placement,uncached,0,18,12762542,0,12762542
1,endgame,5,bulk,placement,uncached,0,19,12776084,0,12776084
1,endgame,5,bulk,placement,uncached,0,20,13087125,0,13087125
1,endgame,5,bulk,placement,uncached,0,21,12759958,0,12759958
1,endgame,5,bulk,placement,cached,1,1,6378291,15500,6393791
1,endgame,5,bulk,placement,cached,1,2,6319791,18208,6337999
1,endgame,5,bulk,placement,cached,1,3,6485250,15667,6500917
1,endgame,5,bulk,placement,cached,1,4,6420375,19167,6439542
1,endgame,5,bulk,placement,cached,1,5,6405875,15500,6421375
1,endgame,5,bulk,placement,cached,1,6,6414792,17500,6432292
1,endgame,5,bulk,placement,cached,1,7,6264375,15417,6279792
1,endgame,5,bulk,placement,cached,1,8,6586209,17584,6603793
1,endgame,5,bulk,placement,cached,1,9,6441333,15667,6457000
1,endgame,5,bulk,placement,cached,1,10,6257959,18667,6276626
1,endgame,5,bulk,placement,cached,1,11,6201125,15334,6216459
1,endgame,5,bulk,placement,cached,1,12,6367458,18333,6385791
1,endgame,5,bulk,placement,cached,1,13,6438541,17209,6455750
1,endgame,5,bulk,placement,cached,1,14,6265542,16792,6282334
1,endgame,5,bulk,placement,cached,1,15,6576000,18291,6594291
1,endgame,5,bulk,placement,cached,1,16,6309125,17333,6326458
1,endgame,5,bulk,placement,cached,1,17,6434125,15416,6449541
1,endgame,5,bulk,placement,cached,1,18,6483625,19833,6503458
1,endgame,5,bulk,placement,cached,1,19,6222792,17625,6240417
1,endgame,5,bulk,placement,cached,1,20,6252666,17542,6270208
1,endgame,5,bulk,placement,cached,1,21,6246125,17000,6263125
1,endgame,5,bulk,placement,cached,2,1,6204834,15709,6220543
1,endgame,5,bulk,placement,cached,2,2,6073708,15833,6089541
1,endgame,5,bulk,placement,cached,2,3,6077292,16250,6093542
1,endgame,5,bulk,placement,cached,2,4,6118416,16542,6134958
1,endgame,5,bulk,placement,cached,2,5,6073250,16000,6089250
1,endgame,5,bulk,placement,cached,2,6,6046041,15583,6061624
1,endgame,5,bulk,placement,cached,2,7,6059583,16042,6075625
1,endgame,5,bulk,placement,cached,2,8,6214084,17041,6231125
1,endgame,5,bulk,placement,cached,2,9,6035458,15583,6051041
1,endgame,5,bulk,placement,cached,2,10,6058667,15416,6074083
1,endgame,5,bulk,placement,cached,2,11,6060125,18000,6078125
1,endgame,5,bulk,placement,cached,2,12,6067292,16584,6083876
1,endgame,5,bulk,placement,cached,2,13,6116875,15583,6132458
1,endgame,5,bulk,placement,cached,2,14,6098583,15583,6114166
1,endgame,5,bulk,placement,cached,2,15,6187042,15500,6202542
1,endgame,5,bulk,placement,cached,2,16,6050500,16125,6066625
1,endgame,5,bulk,placement,cached,2,17,6092542,15708,6108250
1,endgame,5,bulk,placement,cached,2,18,6055625,16459,6072084
1,endgame,5,bulk,placement,cached,2,19,6375625,16875,6392500
1,endgame,5,bulk,placement,cached,2,20,6156375,15500,6171875
1,endgame,5,bulk,placement,cached,2,21,6341833,16125,6357958
1,endgame,5,bulk,placement,cached,4,1,6235750,19208,6254958
1,endgame,5,bulk,placement,cached,4,2,6188375,15459,6203834
1,endgame,5,bulk,placement,cached,4,3,6200958,17292,6218250
1,endgame,5,bulk,placement,cached,4,4,6204541,16792,6221333
1,endgame,5,bulk,placement,cached,4,5,6215916,18792,6234708
1,endgame,5,bulk,placement,cached,4,6,6244125,15458,6259583
1,endgame,5,bulk,placement,cached,4,7,6300875,19750,6320625
1,endgame,5,bulk,placement,cached,4,8,6272833,15709,6288542
1,endgame,5,bulk,placement,cached,4,9,6131416,16167,6147583
1,endgame,5,bulk,placement,cached,4,10,6271792,15541,6287333
1,endgame,5,bulk,placement,cached,4,11,6386166,24042,6410208
1,endgame,5,bulk,placement,cached,4,12,6171417,15708,6187125
1,endgame,5,bulk,placement,cached,4,13,6159875,16709,6176584
1,endgame,5,bulk,placement,cached,4,14,6393292,15583,6408875
1,endgame,5,bulk,placement,cached,4,15,6175959,17791,6193750
1,endgame,5,bulk,placement,cached,4,16,6466125,15542,6481667
1,endgame,5,bulk,placement,cached,4,17,6259250,17250,6276500
1,endgame,5,bulk,placement,cached,4,18,6382000,15500,6397500
1,endgame,5,bulk,placement,cached,4,19,6202958,16125,6219083
1,endgame,5,bulk,placement,cached,4,20,6181667,15625,6197292
1,endgame,5,bulk,placement,cached,4,21,6167708,27125,6194833
1,endgame,5,apply,placement,uncached,0,1,25924625,0,25924625
1,endgame,5,apply,placement,uncached,0,2,25740709,0,25740709
1,endgame,5,apply,placement,uncached,0,3,26037667,0,26037667
1,endgame,5,apply,placement,uncached,0,4,26111875,0,26111875
1,endgame,5,apply,placement,uncached,0,5,25715125,0,25715125
1,endgame,5,apply,placement,uncached,0,6,25775708,0,25775708
1,endgame,5,apply,placement,uncached,0,7,25637583,0,25637583
1,endgame,5,apply,placement,uncached,0,8,26384042,0,26384042
1,endgame,5,apply,placement,uncached,0,9,25766583,0,25766583
1,endgame,5,apply,placement,uncached,0,10,25835667,0,25835667
1,endgame,5,apply,placement,uncached,0,11,25648459,0,25648459
1,endgame,5,apply,placement,uncached,0,12,25897708,0,25897708
1,endgame,5,apply,placement,uncached,0,13,26011291,0,26011291
1,endgame,5,apply,placement,uncached,0,14,25774500,0,25774500
1,endgame,5,apply,placement,uncached,0,15,25828542,0,25828542
1,endgame,5,apply,placement,uncached,0,16,25653917,0,25653917
1,endgame,5,apply,placement,uncached,0,17,25830875,0,25830875
1,endgame,5,apply,placement,uncached,0,18,25816584,0,25816584
1,endgame,5,apply,placement,uncached,0,19,25816250,0,25816250
1,endgame,5,apply,placement,uncached,0,20,25760958,0,25760958
1,endgame,5,apply,placement,uncached,0,21,25694250,0,25694250
1,endgame,5,apply,placement,cached,1,1,11775500,15584,11791084
1,endgame,5,apply,placement,cached,1,2,11802958,18833,11821791
1,endgame,5,apply,placement,cached,1,3,11790583,15958,11806541
1,endgame,5,apply,placement,cached,1,4,12071292,16583,12087875
1,endgame,5,apply,placement,cached,1,5,11703541,17500,11721041
1,endgame,5,apply,placement,cached,1,6,11818041,17958,11835999
1,endgame,5,apply,placement,cached,1,7,11773125,16708,11789833
1,endgame,5,apply,placement,cached,1,8,12050958,18000,12068958
1,endgame,5,apply,placement,cached,1,9,11840791,15542,11856333
1,endgame,5,apply,placement,cached,1,10,11821833,19583,11841416
1,endgame,5,apply,placement,cached,1,11,12001417,17750,12019167
1,endgame,5,apply,placement,cached,1,12,11993458,16375,12009833
1,endgame,5,apply,placement,cached,1,13,11885625,17000,11902625
1,endgame,5,apply,placement,cached,1,14,12038291,18792,12057083
1,endgame,5,apply,placement,cached,1,15,11729916,28667,11758583
1,endgame,5,apply,placement,cached,1,16,11851375,19250,11870625
1,endgame,5,apply,placement,cached,1,17,11819042,16458,11835500
1,endgame,5,apply,placement,cached,1,18,11857250,17917,11875167
1,endgame,5,apply,placement,cached,1,19,11790375,16708,11807083
1,endgame,5,apply,placement,cached,1,20,11819042,19458,11838500
1,endgame,5,apply,placement,cached,1,21,11789500,16000,11805500
1,endgame,5,apply,placement,cached,2,1,11230458,15500,11245958
1,endgame,5,apply,placement,cached,2,2,11314625,16000,11330625
1,endgame,5,apply,placement,cached,2,3,11207875,16083,11223958
1,endgame,5,apply,placement,cached,2,4,11276958,18209,11295167
1,endgame,5,apply,placement,cached,2,5,11310042,15625,11325667
1,endgame,5,apply,placement,cached,2,6,11267000,16584,11283584
1,endgame,5,apply,placement,cached,2,7,11504000,18583,11522583
1,endgame,5,apply,placement,cached,2,8,11464458,16500,11480958
1,endgame,5,apply,placement,cached,2,9,11172459,18666,11191125
1,endgame,5,apply,placement,cached,2,10,11699416,16250,11715666
1,endgame,5,apply,placement,cached,2,11,11604708,15667,11620375
1,endgame,5,apply,placement,cached,2,12,11220833,17541,11238374
1,endgame,5,apply,placement,cached,2,13,11307625,18583,11326208
1,endgame,5,apply,placement,cached,2,14,11437166,17292,11454458
1,endgame,5,apply,placement,cached,2,15,11276584,19000,11295584
1,endgame,5,apply,placement,cached,2,16,11888500,15792,11904292
1,endgame,5,apply,placement,cached,2,17,11409167,16083,11425250
1,endgame,5,apply,placement,cached,2,18,11262959,16500,11279459
1,endgame,5,apply,placement,cached,2,19,11374791,17583,11392374
1,endgame,5,apply,placement,cached,2,20,11284458,17084,11301542
1,endgame,5,apply,placement,cached,2,21,11334583,16334,11350917
1,endgame,5,apply,placement,cached,4,1,11412625,18250,11430875
1,endgame,5,apply,placement,cached,4,2,11447500,16250,11463750
1,endgame,5,apply,placement,cached,4,3,11399833,16167,11416000
1,endgame,5,apply,placement,cached,4,4,11648583,15875,11664458
1,endgame,5,apply,placement,cached,4,5,11467791,18292,11486083
1,endgame,5,apply,placement,cached,4,6,11288875,15584,11304459
1,endgame,5,apply,placement,cached,4,7,11776375,19584,11795959
1,endgame,5,apply,placement,cached,4,8,11737667,17166,11754833
1,endgame,5,apply,placement,cached,4,9,11509583,17292,11526875
1,endgame,5,apply,placement,cached,4,10,11298125,22625,11320750
1,endgame,5,apply,placement,cached,4,11,11448208,15667,11463875
1,endgame,5,apply,placement,cached,4,12,11688625,15583,11704208
1,endgame,5,apply,placement,cached,4,13,11816708,16000,11832708
1,endgame,5,apply,placement,cached,4,14,11302708,17459,11320167
1,endgame,5,apply,placement,cached,4,15,11855916,16458,11872374
1,endgame,5,apply,placement,cached,4,16,11304250,18708,11322958
1,endgame,5,apply,placement,cached,4,17,11363000,15958,11378958
1,endgame,5,apply,placement,cached,4,18,11286958,16042,11303000
1,endgame,5,apply,placement,cached,4,19,11718208,16375,11734583
1,endgame,5,apply,placement,cached,4,20,11736375,16458,11752833
1,endgame,5,apply,placement,cached,4,21,11650291,16667,11666958
1,promotions,4,bulk,placement,uncached,0,1,31178250,0,31178250
1,promotions,4,bulk,placement,uncached,0,2,31484500,0,31484500
1,promotions,4,bulk,placement,uncached,0,3,31272458,0,31272458
1,promotions,4,bulk,placement,uncached,0,4,31709917,0,31709917
1,promotions,4,bulk,placement,uncached,0,5,31286916,0,31286916
1,promotions,4,bulk,placement,uncached,0,6,31534583,0,31534583
1,promotions,4,bulk,placement,uncached,0,7,31084125,0,31084125
1,promotions,4,bulk,placement,uncached,0,8,31956584,0,31956584
1,promotions,4,bulk,placement,uncached,0,9,31182958,0,31182958
1,promotions,4,bulk,placement,uncached,0,10,31369208,0,31369208
1,promotions,4,bulk,placement,uncached,0,11,31349083,0,31349083
1,promotions,4,bulk,placement,uncached,0,12,31528917,0,31528917
1,promotions,4,bulk,placement,uncached,0,13,31456625,0,31456625
1,promotions,4,bulk,placement,uncached,0,14,31692208,0,31692208
1,promotions,4,bulk,placement,uncached,0,15,31315417,0,31315417
1,promotions,4,bulk,placement,uncached,0,16,31499416,0,31499416
1,promotions,4,bulk,placement,uncached,0,17,31291667,0,31291667
1,promotions,4,bulk,placement,uncached,0,18,31481417,0,31481417
1,promotions,4,bulk,placement,uncached,0,19,31334417,0,31334417
1,promotions,4,bulk,placement,uncached,0,20,31571375,0,31571375
1,promotions,4,bulk,placement,uncached,0,21,32178708,0,32178708
1,promotions,4,bulk,placement,cached,1,1,24133167,15833,24149000
1,promotions,4,bulk,placement,cached,1,2,24006709,18584,24025293
1,promotions,4,bulk,placement,cached,1,3,24272208,15375,24287583
1,promotions,4,bulk,placement,cached,1,4,24224333,16167,24240500
1,promotions,4,bulk,placement,cached,1,5,24212125,15333,24227458
1,promotions,4,bulk,placement,cached,1,6,24168417,19375,24187792
1,promotions,4,bulk,placement,cached,1,7,24074792,16375,24091167
1,promotions,4,bulk,placement,cached,1,8,24556791,17667,24574458
1,promotions,4,bulk,placement,cached,1,9,24073583,17917,24091500
1,promotions,4,bulk,placement,cached,1,10,24440375,18959,24459334
1,promotions,4,bulk,placement,cached,1,11,24459583,16125,24475708
1,promotions,4,bulk,placement,cached,1,12,24151917,17375,24169292
1,promotions,4,bulk,placement,cached,1,13,24300125,18541,24318666
1,promotions,4,bulk,placement,cached,1,14,24837333,16459,24853792
1,promotions,4,bulk,placement,cached,1,15,24066417,16792,24083209
1,promotions,4,bulk,placement,cached,1,16,24125500,17834,24143334
1,promotions,4,bulk,placement,cached,1,17,24372666,15667,24388333
1,promotions,4,bulk,placement,cached,1,18,24369333,16750,24386083
1,promotions,4,bulk,placement,cached,1,19,24057375,15750,24073125
1,promotions,4,bulk,placement,cached,1,20,24097000,15917,24112917
1,promotions,4,bulk,placement,cached,1,21,24882708,19334,24902042
1,promotions,4,bulk,placement,cached,2,1,23084875,15917,23100792
1,promotions,4,bulk,placement,cached,2,2,23330834,15500,23346334
1,promotions,4,bulk,placement,cached,2,3,23181334,15750,23197084
1,promotions,4,bulk,placement,cached,2,4,23431792,17916,23449708
1,promotions,4,bulk,placement,cached,2,5,23233916,15583,23249499
1,promotions,4,bulk,placement,cached,2,6,23473917,15666,23489583
1,promotions,4,bulk,placement,cached,2,7,23228833,15583,23244416
1,promotions,4,bulk,placement,cached,2,8,23895500,16750,23912250
1,promotions,4,bulk,placement,cached,2,9,23714958,16250,23731208
1,promotions,4,bulk,placement,cached,2,10,23512875,17375,23530250
1,promotions,4,bulk,placement,cached,2,11,23380458,17917,23398375
1,promotions,4,bulk,placement,cached,2,12,23650375,15791,23666166
1,promotions,4,bulk,placement,cached,2,13,23848375,16875,23865250
1,promotions,4,bulk,placement,cached,2,14,23439416,17917,23457333
1,promotions,4,bulk,placement,cached,2,15,23680417,15458,23695875
1,promotions,4,bulk,placement,cached,2,16,23306833,15834,23322667
1,promotions,4,bulk,placement,cached,2,17,23244333,19083,23263416
1,promotions,4,bulk,placement,cached,2,18,23171500,17333,23188833
1,promotions,4,bulk,placement,cached,2,19,23210666,18500,23229166
1,promotions,4,bulk,placement,cached,2,20,23389125,15875,23405000
1,promotions,4,bulk,placement,cached,2,21,24112834,18292,24131126
1,promotions,4,bulk,placement,cached,4,1,22698750,16250,22715000
1,promotions,4,bulk,placement,cached,4,2,22527959,21667,22549626
1,promotions,4,bulk,placement,cached,4,3,22550875,17333,22568208
1,promotions,4,bulk,placement,cached,4,4,22960542,18166,22978708
1,promotions,4,bulk,placement,cached,4,5,23120708,15875,23136583
1,promotions,4,bulk,placement,cached,4,6,22635208,15500,22650708
1,promotions,4,bulk,placement,cached,4,7,22582916,27250,22610166
1,promotions,4,bulk,placement,cached,4,8,23253417,16667,23270084
1,promotions,4,bulk,placement,cached,4,9,22870833,16166,22886999
1,promotions,4,bulk,placement,cached,4,10,22603416,15417,22618833
1,promotions,4,bulk,placement,cached,4,11,23354167,16916,23371083
1,promotions,4,bulk,placement,cached,4,12,22645917,16458,22662375
1,promotions,4,bulk,placement,cached,4,13,23064166,16542,23080708
1,promotions,4,bulk,placement,cached,4,14,23361125,15958,23377083
1,promotions,4,bulk,placement,cached,4,15,22635125,16042,22651167
1,promotions,4,bulk,placement,cached,4,16,22644209,16041,22660250
1,promotions,4,bulk,placement,cached,4,17,23562166,18709,23580875
1,promotions,4,bulk,placement,cached,4,18,22727792,15416,22743208
1,promotions,4,bulk,placement,cached,4,19,22868125,16125,22884250
1,promotions,4,bulk,placement,cached,4,20,22625584,17625,22643209
1,promotions,4,bulk,placement,cached,4,21,23209208,17000,23226208
1,promotions,4,apply,placement,uncached,0,1,66842000,0,66842000
1,promotions,4,apply,placement,uncached,0,2,67290834,0,67290834
1,promotions,4,apply,placement,uncached,0,3,66900417,0,66900417
1,promotions,4,apply,placement,uncached,0,4,67481542,0,67481542
1,promotions,4,apply,placement,uncached,0,5,66764291,0,66764291
1,promotions,4,apply,placement,uncached,0,6,66905875,0,66905875
1,promotions,4,apply,placement,uncached,0,7,66953375,0,66953375
1,promotions,4,apply,placement,uncached,0,8,68554292,0,68554292
1,promotions,4,apply,placement,uncached,0,9,67381250,0,67381250
1,promotions,4,apply,placement,uncached,0,10,67333666,0,67333666
1,promotions,4,apply,placement,uncached,0,11,67783041,0,67783041
1,promotions,4,apply,placement,uncached,0,12,67433500,0,67433500
1,promotions,4,apply,placement,uncached,0,13,67713667,0,67713667
1,promotions,4,apply,placement,uncached,0,14,69157833,0,69157833
1,promotions,4,apply,placement,uncached,0,15,67259292,0,67259292
1,promotions,4,apply,placement,uncached,0,16,67126542,0,67126542
1,promotions,4,apply,placement,uncached,0,17,67924542,0,67924542
1,promotions,4,apply,placement,uncached,0,18,67412750,0,67412750
1,promotions,4,apply,placement,uncached,0,19,67230250,0,67230250
1,promotions,4,apply,placement,uncached,0,20,67358500,0,67358500
1,promotions,4,apply,placement,uncached,0,21,69160709,0,69160709
1,promotions,4,apply,placement,cached,1,1,50351542,15791,50367333
1,promotions,4,apply,placement,cached,1,2,54687584,16959,54704543
1,promotions,4,apply,placement,cached,1,3,50434625,16125,50450750
1,promotions,4,apply,placement,cached,1,4,50687625,16667,50704292
1,promotions,4,apply,placement,cached,1,5,50739084,18750,50757834
1,promotions,4,apply,placement,cached,1,6,50485417,17709,50503126
1,promotions,4,apply,placement,cached,1,7,50450875,23875,50474750
1,promotions,4,apply,placement,cached,1,8,52062209,18791,52081000
1,promotions,4,apply,placement,cached,1,9,50596292,18375,50614667
1,promotions,4,apply,placement,cached,1,10,50524500,17125,50541625
1,promotions,4,apply,placement,cached,1,11,51031875,17625,51049500
1,promotions,4,apply,placement,cached,1,12,50927125,15916,50943041
1,promotions,4,apply,placement,cached,1,13,50407709,17542,50425251
1,promotions,4,apply,placement,cached,1,14,52165458,16750,52182208
1,promotions,4,apply,placement,cached,1,15,50426542,17625,50444167
1,promotions,4,apply,placement,cached,1,16,50784333,16541,50800874
1,promotions,4,apply,placement,cached,1,17,50398250,17500,50415750
1,promotions,4,apply,placement,cached,1,18,51217333,16000,51233333
1,promotions,4,apply,placement,cached,1,19,50178292,17042,50195334
1,promotions,4,apply,placement,cached,1,20,50620583,16833,50637416
1,promotions,4,apply,placement,cached,1,21,52276209,17833,52294042
1,promotions,4,apply,placement,cached,2,1,47907875,17292,47925167
1,promotions,4,apply,placement,cached,2,2,48570250,16208,48586458
1,promotions,4,apply,placement,cached,2,3,47919250,16583,47935833
1,promotions,4,apply,placement,cached,2,4,48233958,18542,48252500
1,promotions,4,apply,placement,cached,2,5,48368500,17416,48385916
1,promotions,4,apply,placement,cached,2,6,48164542,17916,48182458
1,promotions,4,apply,placement,cached,2,7,48373917,18042,48391959
1,promotions,4,apply,placement,cached,2,8,48322917,19875,48342792
1,promotions,4,apply,placement,cached,2,9,48309334,18833,48328167
1,promotions,4,apply,placement,cached,2,10,48090125,17500,48107625
1,promotions,4,apply,placement,cached,2,11,48568708,18333,48587041
1,promotions,4,apply,placement,cached,2,12,48232333,18292,48250625
1,promotions,4,apply,placement,cached,2,13,47998791,18792,48017583
1,promotions,4,apply,placement,cached,2,14,49996041,18917,50014958
1,promotions,4,apply,placement,cached,2,15,47922750,18334,47941084
1,promotions,4,apply,placement,cached,2,16,47814625,17792,47832417
1,promotions,4,apply,placement,cached,2,17,48028375,17875,48046250
1,promotions,4,apply,placement,cached,2,18,47961792,18833,47980625
1,promotions,4,apply,placement,cached,2,19,48177666,18125,48195791
1,promotions,4,apply,placement,cached,2,20,48027250,17333,48044583
1,promotions,4,apply,placement,cached,2,21,48793750,21666,48815416
1,promotions,4,apply,placement,cached,4,1,46408667,16333,46425000
1,promotions,4,apply,placement,cached,4,2,46130542,16458,46147000
1,promotions,4,apply,placement,cached,4,3,46810292,16833,46827125
1,promotions,4,apply,placement,cached,4,4,46114125,18875,46133000
1,promotions,4,apply,placement,cached,4,5,46467000,15834,46482834
1,promotions,4,apply,placement,cached,4,6,45989334,17166,46006500
1,promotions,4,apply,placement,cached,4,7,46956667,17666,46974333
1,promotions,4,apply,placement,cached,4,8,46081917,16791,46098708
1,promotions,4,apply,placement,cached,4,9,47096291,16667,47112958
1,promotions,4,apply,placement,cached,4,10,45962167,16292,45978459
1,promotions,4,apply,placement,cached,4,11,46608709,16250,46624959
1,promotions,4,apply,placement,cached,4,12,46304708,16417,46321125
1,promotions,4,apply,placement,cached,4,13,47256042,15958,47272000
1,promotions,4,apply,placement,cached,4,14,46484375,19125,46503500
1,promotions,4,apply,placement,cached,4,15,46251917,16417,46268334
1,promotions,4,apply,placement,cached,4,16,46214500,16709,46231209
1,promotions,4,apply,placement,cached,4,17,46708291,15708,46723999
1,promotions,4,apply,placement,cached,4,18,46227625,17041,46244666
1,promotions,4,apply,placement,cached,4,19,46892375,17416,46909791
1,promotions,4,apply,placement,cached,4,20,46327834,17375,46345209
1,promotions,4,apply,placement,cached,4,21,48882125,20333,48902458
16,initial,5,bulk,placement,uncached,0,1,67172917,0,67172917
16,initial,5,bulk,placement,uncached,0,2,68042416,0,68042416
16,initial,5,bulk,placement,uncached,0,3,67844166,0,67844166
16,initial,5,bulk,placement,uncached,0,4,69843959,0,69843959
16,initial,5,bulk,placement,uncached,0,5,67858625,0,67858625
16,initial,5,bulk,placement,uncached,0,6,68154417,0,68154417
16,initial,5,bulk,placement,uncached,0,7,75729500,0,75729500
16,initial,5,bulk,placement,uncached,0,8,67554167,0,67554167
16,initial,5,bulk,placement,uncached,0,9,67503125,0,67503125
16,initial,5,bulk,placement,uncached,0,10,69087708,0,69087708
16,initial,5,bulk,placement,uncached,0,11,67875375,0,67875375
16,initial,5,bulk,placement,uncached,0,12,68963708,0,68963708
16,initial,5,bulk,placement,uncached,0,13,68202708,0,68202708
16,initial,5,bulk,placement,uncached,0,14,68452375,0,68452375
16,initial,5,bulk,placement,uncached,0,15,68040417,0,68040417
16,initial,5,bulk,placement,uncached,0,16,68789542,0,68789542
16,initial,5,bulk,placement,uncached,0,17,70562458,0,70562458
16,initial,5,bulk,placement,uncached,0,18,68902583,0,68902583
16,initial,5,bulk,placement,uncached,0,19,67891584,0,67891584
16,initial,5,bulk,placement,uncached,0,20,68009834,0,68009834
16,initial,5,bulk,placement,uncached,0,21,68205667,0,68205667
16,initial,5,bulk,placement,cached,1,1,29510041,272625,29782666
16,initial,5,bulk,placement,cached,1,2,31071667,326583,31398250
16,initial,5,bulk,placement,cached,1,3,30634083,308125,30942208
16,initial,5,bulk,placement,cached,1,4,33885041,398958,34283999
16,initial,5,bulk,placement,cached,1,5,31672500,355625,32028125
16,initial,5,bulk,placement,cached,1,6,31705625,362834,32068459
16,initial,5,bulk,placement,cached,1,7,37432917,410042,37842959
16,initial,5,bulk,placement,cached,1,8,31092708,380000,31472708
16,initial,5,bulk,placement,cached,1,9,30761833,298166,31059999
16,initial,5,bulk,placement,cached,1,10,32234750,375417,32610167
16,initial,5,bulk,placement,cached,1,11,30941459,294333,31235792
16,initial,5,bulk,placement,cached,1,12,33704208,399292,34103500
16,initial,5,bulk,placement,cached,1,13,33447125,395708,33842833
16,initial,5,bulk,placement,cached,1,14,32672375,433000,33105375
16,initial,5,bulk,placement,cached,1,15,31030584,469792,31500376
16,initial,5,bulk,placement,cached,1,16,32156666,387334,32544000
16,initial,5,bulk,placement,cached,1,17,33845167,395833,34241000
16,initial,5,bulk,placement,cached,1,18,32156916,377167,32534083
16,initial,5,bulk,placement,cached,1,19,30866375,285042,31151417
16,initial,5,bulk,placement,cached,1,20,33765250,526958,34292208
16,initial,5,bulk,placement,cached,1,21,31318417,279208,31597625
16,initial,5,bulk,placement,cached,2,1,29896625,287250,30183875
16,initial,5,bulk,placement,cached,2,2,30363208,284834,30648042
16,initial,5,bulk,placement,cached,2,3,30829625,291875,31121500
16,initial,5,bulk,placement,cached,2,4,33347541,456417,33803958
16,initial,5,bulk,placement,cached,2,5,31042334,298459,31340793
16,initial,5,bulk,placement,cached,2,6,32939000,345709,33284709
16,initial,5,bulk,placement,cached,2,7,37602542,434667,38037209
16,initial,5,bulk,placement,cached,2,8,30168666,293584,30462250
16,initial,5,bulk,placement,cached,2,9,30933292,297291,31230583
16,initial,5,bulk,placement,cached,2,10,31413166,294458,31707624
16,initial,5,bulk,placement,cached,2,11,31416750,355250,31772000
16,initial,5,bulk,placement,cached,2,12,32947209,324917,33272126
16,initial,5,bulk,placement,cached,2,13,31940875,328333,32269208
16,initial,5,bulk,placement,cached,2,14,30982000,337583,31319583
16,initial,5,bulk,placement,cached,2,15,31639625,422625,32062250
16,initial,5,bulk,placement,cached,2,16,31904833,296291,32201124
16,initial,5,bulk,placement,cached,2,17,34009709,383041,34392750
16,initial,5,bulk,placement,cached,2,18,31536209,303292,31839501
16,initial,5,bulk,placement,cached,2,19,30888708,309458,31198166
16,initial,5,bulk,placement,cached,2,20,32793875,352250,33146125
16,initial,5,bulk,placement,cached,2,21,31095959,320875,31416834
16,initial,5,bulk,placement,cached,4,1,33842167,530750,34372917
16,initial,5,bulk,placement,cached,4,2,31605375,289917,31895292
16,initial,5,bulk,placement,cached,4,3,32024500,342125,32366625
16,initial,5,bulk,placement,cached,4,4,34627041,470792,35097833
16,initial,5,bulk,placement,cached,4,5,34218833,503708,34722541
16,initial,5,bulk,placement,cached,4,6,36933042,407333,37340375
16,initial,5,bulk,placement,cached,4,7,38902834,568375,39471209
16,initial,5,bulk,placement,cached,4,8,30903333,266958,31170291
16,initial,5,bulk,placement,cached,4,9,32843458,336875,33180333
16,initial,5,bulk,placement,cached,4,10,31860500,292208,32152708
16,initial,5,bulk,placement,cached,4,11,33273208,376000,33649208
16,initial,5,bulk,placement,cached,4,12,33726709,319791,34046500
16,initial,5,bulk,placement,cached,4,13,33533541,389250,33922791
16,initial,5,bulk,placement,cached,4,14,31805584,279625,32085209
16,initial,5,bulk,placement,cached,4,15,33484333,374292,33858625
16,initial,5,bulk,placement,cached,4,16,32521542,292292,32813834
16,initial,5,bulk,placement,cached,4,17,36164667,480334,36645001
16,initial,5,bulk,placement,cached,4,18,32337916,292250,32630166
16,initial,5,bulk,placement,cached,4,19,33883041,391083,34274124
16,initial,5,bulk,placement,cached,4,20,33703916,351167,34055083
16,initial,5,bulk,placement,cached,4,21,34004166,380750,34384916
16,initial,5,apply,placement,uncached,0,1,156209208,0,156209208
16,initial,5,apply,placement,uncached,0,2,155691250,0,155691250
16,initial,5,apply,placement,uncached,0,3,152514542,0,152514542
16,initial,5,apply,placement,uncached,0,4,154619917,0,154619917
16,initial,5,apply,placement,uncached,0,5,152986459,0,152986459
16,initial,5,apply,placement,uncached,0,6,169661292,0,169661292
16,initial,5,apply,placement,uncached,0,7,165656666,0,165656666
16,initial,5,apply,placement,uncached,0,8,155429125,0,155429125
16,initial,5,apply,placement,uncached,0,9,151409584,0,151409584
16,initial,5,apply,placement,uncached,0,10,155090542,0,155090542
16,initial,5,apply,placement,uncached,0,11,153191916,0,153191916
16,initial,5,apply,placement,uncached,0,12,155497167,0,155497167
16,initial,5,apply,placement,uncached,0,13,153171292,0,153171292
16,initial,5,apply,placement,uncached,0,14,152725667,0,152725667
16,initial,5,apply,placement,uncached,0,15,153487959,0,153487959
16,initial,5,apply,placement,uncached,0,16,153069667,0,153069667
16,initial,5,apply,placement,uncached,0,17,158667667,0,158667667
16,initial,5,apply,placement,uncached,0,18,153525459,0,153525459
16,initial,5,apply,placement,uncached,0,19,153537875,0,153537875
16,initial,5,apply,placement,uncached,0,20,155990792,0,155990792
16,initial,5,apply,placement,uncached,0,21,153777708,0,153777708
16,initial,5,apply,placement,cached,1,1,64782625,311208,65093833
16,initial,5,apply,placement,cached,1,2,65618042,371250,65989292
16,initial,5,apply,placement,cached,1,3,66413583,350833,66764416
16,initial,5,apply,placement,cached,1,4,66008375,451083,66459458
16,initial,5,apply,placement,cached,1,5,65449209,331042,65780251
16,initial,5,apply,placement,cached,1,6,75632375,425792,76058167
16,initial,5,apply,placement,cached,1,7,67640750,378625,68019375
16,initial,5,apply,placement,cached,1,8,138056083,455833,138511916
16,initial,5,apply,placement,cached,1,9,62831875,296208,63128083
16,initial,5,apply,placement,cached,1,10,66260333,399958,66660291
16,initial,5,apply,placement,cached,1,11,64657291,304125,64961416
16,initial,5,apply,placement,cached,1,12,65569166,407083,65976249
16,initial,5,apply,placement,cached,1,13,65212834,425958,65638792
16,initial,5,apply,placement,cached,1,14,65236208,420166,65656374
16,initial,5,apply,placement,cached,1,15,64765458,337583,65103041
16,initial,5,apply,placement,cached,1,16,65603542,378666,65982208
16,initial,5,apply,placement,cached,1,17,69224250,382834,69607084
16,initial,5,apply,placement,cached,1,18,65749833,397625,66147458
16,initial,5,apply,placement,cached,1,19,64321458,320041,64641499
16,initial,5,apply,placement,cached,1,20,67142917,531625,67674542
16,initial,5,apply,placement,cached,1,21,64114084,394750,64508834
16,initial,5,apply,placement,cached,2,1,63479334,315417,63794751
16,initial,5,apply,placement,cached,2,2,64184083,377584,64561667
16,initial,5,apply,placement,cached,2,3,63521333,309833,63831166
16,initial,5,apply,placement,cached,2,4,67094000,362125,67456125
16,initial,5,apply,placement,cached,2,5,65292917,340583,65633500
16,initial,5,apply,placement,cached,2,6,75491583,508083,75999666
16,initial,5,apply,placement,cached,2,7,66072000,362708,66434708
16,initial,5,apply,placement,cached,2,8,63442083,310500,63752583
16,initial,5,apply,placement,cached,2,9,62214875,375375,62590250
16,initial,5,apply,placement,cached,2,10,65828958,331708,66160666
16,initial,5,apply,placement,cached,2,11,63957584,316625,64274209
16,initial,5,apply,placement,cached,2,12,64164083,324416,64488499
16,initial,5,apply,placement,cached,2,13,64251000,313333,64564333
16,initial,5,apply,placement,cached,2,14,64842458,310417,65152875
16,initial,5,apply,placement,cached,2,15,64284125,322875,64607000
16,initial,5,apply,placement,cached,2,16,64790292,315416,65105708
16,initial,5,apply,placement,cached,2,17,66786417,351583,67138000
16,initial,5,apply,placement,cached,2,18,63931667,324167,64255834
16,initial,5,apply,placement,cached,2,19,64158000,310875,64468875
16,initial,5,apply,placement,cached,2,20,66083459,373667,66457126
16,initial,5,apply,placement,cached,2,21,64275459,308041,64583500
16,initial,5,apply,placement,cached,4,1,65199750,340667,65540417
16,initial,5,apply,placement,cached,4,2,65127250,337292,65464542
16,initial,5,apply,placement,cached,4,3,64690792,316625,65007417
16,initial,5,apply,placement,cached,4,4,68638208,424375,69062583
16,initial,5,apply,placement,cached,4,5,67168916,343208,67512124
16,initial,5,apply,placement,cached,4,6,68770666,601333,69371999
16,initial,5,apply,placement,cached,4,7,67633417,388875,68022292
16,initial,5,apply,placement,cached,4,8,64306292,304750,64611042
16,initial,5,apply,placement,cached,4,9,65023209,340875,65364084
16,initial,5,apply,placement,cached,4,10,103856208,410916,104267124
16,initial,5,apply,placement,cached,4,11,66089709,414042,66503751
16,initial,5,apply,placement,cached,4,12,64411292,328666,64739958
16,initial,5,apply,placement,cached,4,13,65844250,452375,66296625
16,initial,5,apply,placement,cached,4,14,66380416,343125,66723541
16,initial,5,apply,placement,cached,4,15,66784375,474791,67259166
16,initial,5,apply,placement,cached,4,16,65760459,413167,66173626
16,initial,5,apply,placement,cached,4,17,67430167,373625,67803792
16,initial,5,apply,placement,cached,4,18,68991625,324125,69315750
16,initial,5,apply,placement,cached,4,19,65330459,379084,65709543
16,initial,5,apply,placement,cached,4,20,67003542,390500,67394042
16,initial,5,apply,placement,cached,4,21,66020000,330292,66350292
16,kiwipete,4,bulk,placement,uncached,0,1,58527541,0,58527541
16,kiwipete,4,bulk,placement,uncached,0,2,59271375,0,59271375
16,kiwipete,4,bulk,placement,uncached,0,3,58589625,0,58589625
16,kiwipete,4,bulk,placement,uncached,0,4,65073584,0,65073584
16,kiwipete,4,bulk,placement,uncached,0,5,58592500,0,58592500
16,kiwipete,4,bulk,placement,uncached,0,6,58723709,0,58723709
16,kiwipete,4,bulk,placement,uncached,0,7,59986458,0,59986458
16,kiwipete,4,bulk,placement,uncached,0,8,58655083,0,58655083
16,kiwipete,4,bulk,placement,uncached,0,9,59125833,0,59125833
16,kiwipete,4,bulk,placement,uncached,0,10,69668000,0,69668000
16,kiwipete,4,bulk,placement,uncached,0,11,59322000,0,59322000
16,kiwipete,4,bulk,placement,uncached,0,12,59124459,0,59124459
16,kiwipete,4,bulk,placement,uncached,0,13,58824875,0,58824875
16,kiwipete,4,bulk,placement,uncached,0,14,59779334,0,59779334
16,kiwipete,4,bulk,placement,uncached,0,15,58840958,0,58840958
16,kiwipete,4,bulk,placement,uncached,0,16,59166333,0,59166333
16,kiwipete,4,bulk,placement,uncached,0,17,59748625,0,59748625
16,kiwipete,4,bulk,placement,uncached,0,18,59126667,0,59126667
16,kiwipete,4,bulk,placement,uncached,0,19,59057292,0,59057292
16,kiwipete,4,bulk,placement,uncached,0,20,59279000,0,59279000
16,kiwipete,4,bulk,placement,uncached,0,21,58441250,0,58441250
16,kiwipete,4,bulk,placement,cached,1,1,40625917,300667,40926584
16,kiwipete,4,bulk,placement,cached,1,2,41993458,358500,42351958
16,kiwipete,4,bulk,placement,cached,1,3,40263375,326834,40590209
16,kiwipete,4,bulk,placement,cached,1,4,152594375,459958,153054333
16,kiwipete,4,bulk,placement,cached,1,5,41789417,454208,42243625
16,kiwipete,4,bulk,placement,cached,1,6,41396125,351333,41747458
16,kiwipete,4,bulk,placement,cached,1,7,39794209,305625,40099834
16,kiwipete,4,bulk,placement,cached,1,8,40136292,315792,40452084
16,kiwipete,4,bulk,placement,cached,1,9,39441250,308750,39750000
16,kiwipete,4,bulk,placement,cached,1,10,42402542,479625,42882167
16,kiwipete,4,bulk,placement,cached,1,11,41625916,344292,41970208
16,kiwipete,4,bulk,placement,cached,1,12,41000208,376292,41376500
16,kiwipete,4,bulk,placement,cached,1,13,41006041,309583,41315624
16,kiwipete,4,bulk,placement,cached,1,14,43156583,394917,43551500
16,kiwipete,4,bulk,placement,cached,1,15,41008042,299250,41307292
16,kiwipete,4,bulk,placement,cached,1,16,41466584,359709,41826293
16,kiwipete,4,bulk,placement,cached,1,17,42263125,324167,42587292
16,kiwipete,4,bulk,placement,cached,1,18,41791916,351042,42142958
16,kiwipete,4,bulk,placement,cached,1,19,41795208,303167,42098375
16,kiwipete,4,bulk,placement,cached,1,20,41988834,369167,42358001
16,kiwipete,4,bulk,placement,cached,1,21,40651083,301958,40953041
16,kiwipete,4,bulk,placement,cached,2,1,39352833,302167,39655000
16,kiwipete,4,bulk,placement,cached,2,2,40093750,315250,40409000
16,kiwipete,4,bulk,placement,cached,2,3,40031708,313291,40344999
16,kiwipete,4,bulk,placement,cached,2,4,174129375,1221875,175351250
16,kiwipete,4,bulk,placement,cached,2,5,39795625,317958,40113583
16,kiwipete,4,bulk,placement,cached,2,6,40504208,308167,40812375
16,kiwipete,4,bulk,placement,cached,2,7,39574541,323500,39898041
16,kiwipete,4,bulk,placement,cached,2,8,38460916,282667,38743583
16,kiwipete,4,bulk,placement,cached,2,9,39756167,316000,40072167
16,kiwipete,4,bulk,placement,cached,2,10,40679208,317667,40996875
16,kiwipete,4,bulk,placement,cached,2,11,40423375,369834,40793209
16,kiwipete,4,bulk,placement,cached,2,12,40420958,302709,40723667
16,kiwipete,4,bulk,placement,cached,2,13,40254667,308000,40562667
16,kiwipete,4,bulk,placement,cached,2,14,41726917,360666,42087583
16,kiwipete,4,bulk,placement,cached,2,15,40169000,309083,40478083
16,kiwipete,4,bulk,placement,cached,2,16,40446541,384917,40831458
16,kiwipete,4,bulk,placement,cached,2,17,41720708,430583,42151291
16,kiwipete,4,bulk,placement,cached,2,18,40542042,325417,40867459
16,kiwipete,4,bulk,placement,cached,2,19,40359709,319625,40679334
16,kiwipete,4,bulk,placement,cached,2,20,40283833,307458,40591291
16,kiwipete,4,bulk,placement,cached,2,21,40256333,312166,40568499
16,kiwipete,4,bulk,placement,cached,4,1,40446208,369458,40815666
16,kiwipete,4,bulk,placement,cached,4,2,41043083,342000,41385083
16,kiwipete,4,bulk,placement,cached,4,3,41573125,349875,41923000
16,kiwipete,4,bulk,placement,cached,4,4,52453083,425125,52878208
16,kiwipete,4,bulk,placement,cached,4,5,42711750,491875,43203625
16,kiwipete,4,bulk,placement,cached,4,6,40519208,306333,40825541
16,kiwipete,4,bulk,placement,cached,4,7,41493208,389291,41882499
16,kiwipete,4,bulk,placement,cached,4,8,39181458,287625,39469083
16,kiwipete,4,bulk,placement,cached,4,9,40869875,364041,41233916
16,kiwipete,4,bulk,placement,cached,4,10,42156542,395917,42552459
16,kiwipete,4,bulk,placement,cached,4,11,42242625,380541,42623166
16,kiwipete,4,bulk,placement,cached,4,12,40315708,333042,40648750
16,kiwipete,4,bulk,placement,cached,4,13,42171541,362042,42533583
16,kiwipete,4,bulk,placement,cached,4,14,42867708,415500,43283208
16,kiwipete,4,bulk,placement,cached,4,15,42049084,376084,42425168
16,kiwipete,4,bulk,placement,cached,4,16,40567542,312334,40879876
16,kiwipete,4,bulk,placement,cached,4,17,43556916,513542,44070458
16,kiwipete,4,bulk,placement,cached,4,18,41010917,307292,41318209
16,kiwipete,4,bulk,placement,cached,4,19,42022250,358000,42380250
16,kiwipete,4,bulk,placement,cached,4,20,41117084,306791,41423875
16,kiwipete,4,bulk,placement,cached,4,21,42141959,509750,42651709
16,kiwipete,4,apply,placement,uncached,0,1,131835250,0,131835250
16,kiwipete,4,apply,placement,uncached,0,2,132894834,0,132894834
16,kiwipete,4,apply,placement,uncached,0,3,132893333,0,132893333
16,kiwipete,4,apply,placement,uncached,0,4,144472334,0,144472334
16,kiwipete,4,apply,placement,uncached,0,5,133308541,0,133308541
16,kiwipete,4,apply,placement,uncached,0,6,133109667,0,133109667
16,kiwipete,4,apply,placement,uncached,0,7,135184167,0,135184167
16,kiwipete,4,apply,placement,uncached,0,8,131996708,0,131996708
16,kiwipete,4,apply,placement,uncached,0,9,131955125,0,131955125
16,kiwipete,4,apply,placement,uncached,0,10,132160042,0,132160042
16,kiwipete,4,apply,placement,uncached,0,11,134784709,0,134784709
16,kiwipete,4,apply,placement,uncached,0,12,133805833,0,133805833
16,kiwipete,4,apply,placement,uncached,0,13,133436833,0,133436833
16,kiwipete,4,apply,placement,uncached,0,14,140820625,0,140820625
16,kiwipete,4,apply,placement,uncached,0,15,135447709,0,135447709
16,kiwipete,4,apply,placement,uncached,0,16,133210500,0,133210500
16,kiwipete,4,apply,placement,uncached,0,17,134008334,0,134008334
16,kiwipete,4,apply,placement,uncached,0,18,133450375,0,133450375
16,kiwipete,4,apply,placement,uncached,0,19,133218083,0,133218083
16,kiwipete,4,apply,placement,uncached,0,20,133398708,0,133398708
16,kiwipete,4,apply,placement,uncached,0,21,133148459,0,133148459
16,kiwipete,4,apply,placement,cached,1,1,87075125,299375,87374500
16,kiwipete,4,apply,placement,cached,1,2,88783000,351667,89134667
16,kiwipete,4,apply,placement,cached,1,3,87951625,307083,88258708
16,kiwipete,4,apply,placement,cached,1,4,94620042,455417,95075459
16,kiwipete,4,apply,placement,cached,1,5,87597041,317792,87914833
16,kiwipete,4,apply,placement,cached,1,6,88690333,359000,89049333
16,kiwipete,4,apply,placement,cached,1,7,101470417,408791,101879208
16,kiwipete,4,apply,placement,cached,1,8,86577417,335250,86912667
16,kiwipete,4,apply,placement,cached,1,9,86751458,337250,87088708
16,kiwipete,4,apply,placement,cached,1,10,87040542,367625,87408167
16,kiwipete,4,apply,placement,cached,1,11,88929125,348917,89278042
16,kiwipete,4,apply,placement,cached,1,12,89567375,402250,89969625
16,kiwipete,4,apply,placement,cached,1,13,88449292,319916,88769208
16,kiwipete,4,apply,placement,cached,1,14,90571541,428292,90999833
16,kiwipete,4,apply,placement,cached,1,15,91211083,473667,91684750
16,kiwipete,4,apply,placement,cached,1,16,88775167,357542,89132709
16,kiwipete,4,apply,placement,cached,1,17,88588666,457083,89045749
16,kiwipete,4,apply,placement,cached,1,18,88737625,357583,89095208
16,kiwipete,4,apply,placement,cached,1,19,87877084,327583,88204667
16,kiwipete,4,apply,placement,cached,1,20,88491834,367458,88859292
16,kiwipete,4,apply,placement,cached,1,21,88285458,389500,88674958
16,kiwipete,4,apply,placement,cached,2,1,84367833,301916,84669749
16,kiwipete,4,apply,placement,cached,2,2,86284666,351042,86635708
16,kiwipete,4,apply,placement,cached,2,3,85113083,345958,85459041
16,kiwipete,4,apply,placement,cached,2,4,92757333,504209,93261542
16,kiwipete,4,apply,placement,cached,2,5,85676500,332833,86009333
16,kiwipete,4,apply,placement,cached,2,6,86439000,314542,86753542
16,kiwipete,4,apply,placement,cached,2,7,100207667,364458,100572125
16,kiwipete,4,apply,placement,cached,2,8,84155333,301375,84456708
16,kiwipete,4,apply,placement,cached,2,9,85301958,360917,85662875
16,kiwipete,4,apply,placement,cached,2,10,84448167,305666,84753833
16,kiwipete,4,apply,placement,cached,2,11,85947167,318584,86265751
16,kiwipete,4,apply,placement,cached,2,12,88570666,466750,89037416
16,kiwipete,4,apply,placement,cached,2,13,86430334,328625,86758959
16,kiwipete,4,apply,placement,cached,2,14,88386458,382250,88768708
16,kiwipete,4,apply,placement,cached,2,15,89612041,515417,90127458
16,kiwipete,4,apply,placement,cached,2,16,86036792,320750,86357542
16,kiwipete,4,apply,placement,cached,2,17,85903792,345041,86248833
16,kiwipete,4,apply,placement,cached,2,18,86035708,311417,86347125
16,kiwipete,4,apply,placement,cached,2,19,86578625,388708,86967333
16,kiwipete,4,apply,placement,cached,2,20,86313500,365167,86678667
16,kiwipete,4,apply,placement,cached,2,21,86645667,358542,87004209
16,kiwipete,4,apply,placement,cached,4,1,85751625,281542,86033167
16,kiwipete,4,apply,placement,cached,4,2,86520041,306792,86826833
16,kiwipete,4,apply,placement,cached,4,3,85478667,346042,85824709
16,kiwipete,4,apply,placement,cached,4,4,90511500,402125,90913625
16,kiwipete,4,apply,placement,cached,4,5,88033709,327292,88361001
16,kiwipete,4,apply,placement,cached,4,6,86682250,315709,86997959
16,kiwipete,4,apply,placement,cached,4,7,88671625,276709,88948334
16,kiwipete,4,apply,placement,cached,4,8,84394083,293917,84688000
16,kiwipete,4,apply,placement,cached,4,9,85859834,321791,86181625
16,kiwipete,4,apply,placement,cached,4,10,85834334,297584,86131918
16,kiwipete,4,apply,placement,cached,4,11,86976042,344708,87320750
16,kiwipete,4,apply,placement,cached,4,12,88331250,336875,88668125
16,kiwipete,4,apply,placement,cached,4,13,86378375,484375,86862750
16,kiwipete,4,apply,placement,cached,4,14,90242750,438375,90681125
16,kiwipete,4,apply,placement,cached,4,15,92797541,422667,93220208
16,kiwipete,4,apply,placement,cached,4,16,87940750,311791,88252541
16,kiwipete,4,apply,placement,cached,4,17,85600250,300042,85900292
16,kiwipete,4,apply,placement,cached,4,18,88577916,310292,88888208
16,kiwipete,4,apply,placement,cached,4,19,86692792,411000,87103792
16,kiwipete,4,apply,placement,cached,4,20,88583083,353458,88936541
16,kiwipete,4,apply,placement,cached,4,21,86861917,307708,87169625
16,endgame,5,bulk,placement,uncached,0,1,12765500,0,12765500
16,endgame,5,bulk,placement,uncached,0,2,13356917,0,13356917
16,endgame,5,bulk,placement,uncached,0,3,12945792,0,12945792
16,endgame,5,bulk,placement,uncached,0,4,13465583,0,13465583
16,endgame,5,bulk,placement,uncached,0,5,12696833,0,12696833
16,endgame,5,bulk,placement,uncached,0,6,13162958,0,13162958
16,endgame,5,bulk,placement,uncached,0,7,12690917,0,12690917
16,endgame,5,bulk,placement,uncached,0,8,12919042,0,12919042
16,endgame,5,bulk,placement,uncached,0,9,12870417,0,12870417
16,endgame,5,bulk,placement,uncached,0,10,12950875,0,12950875
16,endgame,5,bulk,placement,uncached,0,11,12798250,0,12798250
16,endgame,5,bulk,placement,uncached,0,12,13261625,0,13261625
16,endgame,5,bulk,placement,uncached,0,13,13174125,0,13174125
16,endgame,5,bulk,placement,uncached,0,14,13039917,0,13039917
16,endgame,5,bulk,placement,uncached,0,15,13173708,0,13173708
16,endgame,5,bulk,placement,uncached,0,16,13103250,0,13103250
16,endgame,5,bulk,placement,uncached,0,17,12936583,0,12936583
16,endgame,5,bulk,placement,uncached,0,18,13059583,0,13059583
16,endgame,5,bulk,placement,uncached,0,19,13269000,0,13269000
16,endgame,5,bulk,placement,uncached,0,20,12945125,0,12945125
16,endgame,5,bulk,placement,uncached,0,21,12978000,0,12978000
16,endgame,5,bulk,placement,cached,1,1,5761583,291375,6052958
16,endgame,5,bulk,placement,cached,1,2,6560292,334167,6894459
16,endgame,5,bulk,placement,cached,1,3,5797959,296959,6094918
16,endgame,5,bulk,placement,cached,1,4,7171666,384042,7555708
16,endgame,5,bulk,placement,cached,1,5,6910292,379667,7289959
16,endgame,5,bulk,placement,cached,1,6,7068958,329042,7398000
16,endgame,5,bulk,placement,cached,1,7,5781584,278708,6060292
16,endgame,5,bulk,placement,cached,1,8,6338417,303958,6642375
16,endgame,5,bulk,placement,cached,1,9,5806375,291583,6097958
16,endgame,5,bulk,placement,cached,1,10,6813833,307875,7121708
16,endgame,5,bulk,placement,cached,1,11,5909333,300375,6209708
16,endgame,5,bulk,placement,cached,1,12,7011209,375084,7386293
16,endgame,5,bulk,placement,cached,1,13,5859708,305250,6164958
16,endgame,5,bulk,placement,cached,1,14,6509833,325542,6835375
16,endgame,5,bulk,placement,cached,1,15,5943208,297208,6240416
16,endgame,5,bulk,placement,cached,1,16,6851708,340750,7192458
16,endgame,5,bulk,placement,cached,1,17,5759750,298459,6058209
16,endgame,5,bulk,placement,cached,1,18,6877459,382625,7260084
16,endgame,5,bulk,placement,cached,1,19,6191833,320333,6512166
16,endgame,5,bulk,placement,cached,1,20,6813459,340458,7153917
16,endgame,5,bulk,placement,cached,1,21,5764250,297125,6061375
16,endgame,5,bulk,placement,cached,2,1,6141708,307750,6449458
16,endgame,5,bulk,placement,cached,2,2,6835666,326375,7162041
16,endgame,5,bulk,placement,cached,2,3,6430250,307542,6737792
16,endgame,5,bulk,placement,cached,2,4,7234375,404375,7638750
16,endgame,5,bulk,placement,cached,2,5,7177792,363042,7540834
16,endgame,5,bulk,placement,cached,2,6,6702250,329041,7031291
16,endgame,5,bulk,placement,cached,2,7,5959125,283750,6242875
16,endgame,5,bulk,placement,cached,2,8,6763167,294750,7057917
16,endgame,5,bulk,placement,cached,2,9,6313834,304334,6618168
16,endgame,5,bulk,placement,cached,2,10,6380709,303875,6684584
16,endgame,5,bulk,placement,cached,2,11,6081667,311625,6393292
16,endgame,5,bulk,placement,cached,2,12,7032708,450833,7483541
16,endgame,5,bulk,placement,cached,2,13,6444458,392833,6837291
16,endgame,5,bulk,placement,cached,2,14,6566166,352917,6919083
16,endgame,5,bulk,placement,cached,2,15,6603292,342250,6945542
16,endgame,5,bulk,placement,cached,2,16,5773584,295042,6068626
16,endgame,5,bulk,placement,cached,2,17,6701958,352375,7054333
16,endgame,5,bulk,placement,cached,2,18,6542458,330000,6872458
16,endgame,5,bulk,placement,cached,2,19,6349375,322209,6671584
16,endgame,5,bulk,placement,cached,2,20,6428833,326416,6755249
16,endgame,5,bulk,placement,cached,2,21,6049500,352791,6402291
16,endgame,5,bulk,placement,cached,4,1,6570042,298208,6868250
16,endgame,5,bulk,placement,cached,4,2,6614583,303167,6917750
16,endgame,5,bulk,placement,cached,4,3,6618250,320333,6938583
16,endgame,5,bulk,placement,cached,4,4,7173500,337750,7511250
16,endgame,5,bulk,placement,cached,4,5,7712625,564208,8276833
16,endgame,5,bulk,placement,cached,4,6,7019291,322708,7341999
16,endgame,5,bulk,placement,cached,4,7,6130084,291709,6421793
16,endgame,5,bulk,placement,cached,4,8,6366916,292667,6659583
16,endgame,5,bulk,placement,cached,4,9,6590083,318375,6908458
16,endgame,5,bulk,placement,cached,4,10,6459875,294042,6753917
16,endgame,5,bulk,placement,cached,4,11,6192959,296208,6489167
16,endgame,5,bulk,placement,cached,4,12,6735375,315166,7050541
16,endgame,5,bulk,placement,cached,4,13,6575042,433375,7008417
16,endgame,5,bulk,placement,cached,4,14,6453917,301875,6755792
16,endgame,5,bulk,placement,cached,4,15,6626125,317083,6943208
16,endgame,5,bulk,placement,cached,4,16,6261333,293542,6554875
16,endgame,5,bulk,placement,cached,4,17,6688792,326083,7014875
16,endgame,5,bulk,placement,cached,4,18,6846792,310167,7156959
16,endgame,5,bulk,placement,cached,4,19,6158917,328541,6487458
16,endgame,5,bulk,placement,cached,4,20,6481959,310500,6792459
16,endgame,5,bulk,placement,cached,4,21,6475416,309917,6785333
16,endgame,5,apply,placement,uncached,0,1,25695709,0,25695709
16,endgame,5,apply,placement,uncached,0,2,26071250,0,26071250
16,endgame,5,apply,placement,uncached,0,3,26170375,0,26170375
16,endgame,5,apply,placement,uncached,0,4,26231750,0,26231750
16,endgame,5,apply,placement,uncached,0,5,27436958,0,27436958
16,endgame,5,apply,placement,uncached,0,6,26291625,0,26291625
16,endgame,5,apply,placement,uncached,0,7,25923541,0,25923541
16,endgame,5,apply,placement,uncached,0,8,25875792,0,25875792
16,endgame,5,apply,placement,uncached,0,9,25758542,0,25758542
16,endgame,5,apply,placement,uncached,0,10,26598000,0,26598000
16,endgame,5,apply,placement,uncached,0,11,26084125,0,26084125
16,endgame,5,apply,placement,uncached,0,12,26499250,0,26499250
16,endgame,5,apply,placement,uncached,0,13,26067166,0,26067166
16,endgame,5,apply,placement,uncached,0,14,26279625,0,26279625
16,endgame,5,apply,placement,uncached,0,15,26180125,0,26180125
16,endgame,5,apply,placement,uncached,0,16,26054334,0,26054334
16,endgame,5,apply,placement,uncached,0,17,26170209,0,26170209
16,endgame,5,apply,placement,uncached,0,18,25991875,0,25991875
16,endgame,5,apply,placement,uncached,0,19,26059083,0,26059083
16,endgame,5,apply,placement,uncached,0,20,26442084,0,26442084
16,endgame,5,apply,placement,uncached,0,21,26016583,0,26016583
16,endgame,5,apply,placement,cached,1,1,11795417,290375,12085792
16,endgame,5,apply,placement,cached,1,2,11548000,310708,11858708
16,endgame,5,apply,placement,cached,1,3,12241292,290000,12531292
16,endgame,5,apply,placement,cached,1,4,12427125,362458,12789583
16,endgame,5,apply,placement,cached,1,5,13851750,448750,14300500
16,endgame,5,apply,placement,cached,1,6,11367917,320667,11688584
16,endgame,5,apply,placement,cached,1,7,11669583,290167,11959750
16,endgame,5,apply,placement,cached,1,8,11193875,291708,11485583
16,endgame,5,apply,placement,cached,1,9,11914250,303083,12217333
16,endgame,5,apply,placement,cached,1,10,12136167,364500,12500667
16,endgame,5,apply,placement,cached,1,11,11982541,385667,12368208
16,endgame,5,apply,placement,cached,1,12,11922000,338708,12260708
16,endgame,5,apply,placement,cached,1,13,11725250,300458,12025708
16,endgame,5,apply,placement,cached,1,14,11866250,331041,12197291
16,endgame,5,apply,placement,cached,1,15,11887000,327958,12214958
16,endgame,5,apply,placement,cached,1,16,11685416,310625,11996041
16,endgame,5,apply,placement,cached,1,17,12331625,314000,12645625
16,endgame,5,apply,placement,cached,1,18,11030084,311792,11341876
16,endgame,5,apply,placement,cached,1,19,12568417,348833,12917250
16,endgame,5,apply,placement,cached,1,20,11929458,329250,12258708
16,endgame,5,apply,placement,cached,1,21,10998584,321208,11319792
16,endgame,5,apply,placement,cached,2,1,11717709,292041,12009750
16,endgame,5,apply,placement,cached,2,2,11390917,298792,11689709
16,endgame,5,apply,placement,cached,2,3,11638792,305375,11944167
16,endgame,5,apply,placement,cached,2,4,12065750,395917,12461667
16,endgame,5,apply,placement,cached,2,5,18995959,433125,19429084
16,endgame,5,apply,placement,cached,2,6,11883583,311875,12195458
16,endgame,5,apply,placement,cached,2,7,12218958,364958,12583916
16,endgame,5,apply,placement,cached,2,8,11062125,312667,11374792
16,endgame,5,apply,placement,cached,2,9,12025167,316625,12341792
16,endgame,5,apply,placement,cached,2,10,12015125,319500,12334625
16,endgame,5,apply,placement,cached,2,11,12271625,394375,12666000
16,endgame,5,apply,placement,cached,2,12,12306792,337084,12643876
16,endgame,5,apply,placement,cached,2,13,12023417,470791,12494208
16,endgame,5,apply,placement,cached,2,14,11776333,334250,12110583
16,endgame,5,apply,placement,cached,2,15,12073625,312625,12386250
16,endgame,5,apply,placement,cached,2,16,11808917,331458,12140375
16,endgame,5,apply,placement,cached,2,17,11697583,324208,12021791
16,endgame,5,apply,placement,cached,2,18,12112500,313167,12425667
16,endgame,5,apply,placement,cached,2,19,12151709,345792,12497501
16,endgame,5,apply,placement,cached,2,20,11932083,383292,12315375
16,endgame,5,apply,placement,cached,2,21,12147500,316541,12464041
16,endgame,5,apply,placement,cached,4,1,11800833,297583,12098416
16,endgame,5,apply,placement,cached,4,2,11508500,300166,11808666
16,endgame,5,apply,placement,cached,4,3,12178125,343250,12521375
16,endgame,5,apply,placement,cached,4,4,12342125,333250,12675375
16,endgame,5,apply,placement,cached,4,5,15262125,1085750,16347875
16,endgame,5,apply,placement,cached,4,6,11416000,343250,11759250
16,endgame,5,apply,placement,cached,4,7,11909459,303625,12213084
16,endgame,5,apply,placement,cached,4,8,11446084,288125,11734209
16,endgame,5,apply,placement,cached,4,9,11842083,324000,12166083
16,endgame,5,apply,placement,cached,4,10,11441041,306625,11747666
16,endgame,5,apply,placement,cached,4,11,12284417,328375,12612792
16,endgame,5,apply,placement,cached,4,12,12059792,406542,12466334
16,endgame,5,apply,placement,cached,4,13,12483875,317375,12801250
16,endgame,5,apply,placement,cached,4,14,11506333,378583,11884916
16,endgame,5,apply,placement,cached,4,15,12310416,325875,12636291
16,endgame,5,apply,placement,cached,4,16,11296917,303709,11600626
16,endgame,5,apply,placement,cached,4,17,12258583,350208,12608791
16,endgame,5,apply,placement,cached,4,18,11583500,415917,11999417
16,endgame,5,apply,placement,cached,4,19,12938958,364709,13303667
16,endgame,5,apply,placement,cached,4,20,12104042,354833,12458875
16,endgame,5,apply,placement,cached,4,21,12258750,322084,12580834
16,promotions,4,bulk,placement,uncached,0,1,31376333,0,31376333
16,promotions,4,bulk,placement,uncached,0,2,31949125,0,31949125
16,promotions,4,bulk,placement,uncached,0,3,31424459,0,31424459
16,promotions,4,bulk,placement,uncached,0,4,32444292,0,32444292
16,promotions,4,bulk,placement,uncached,0,5,34909000,0,34909000
16,promotions,4,bulk,placement,uncached,0,6,32001958,0,32001958
16,promotions,4,bulk,placement,uncached,0,7,31611333,0,31611333
16,promotions,4,bulk,placement,uncached,0,8,31511084,0,31511084
16,promotions,4,bulk,placement,uncached,0,9,31308166,0,31308166
16,promotions,4,bulk,placement,uncached,0,10,32976750,0,32976750
16,promotions,4,bulk,placement,uncached,0,11,31781375,0,31781375
16,promotions,4,bulk,placement,uncached,0,12,33071750,0,33071750
16,promotions,4,bulk,placement,uncached,0,13,31841833,0,31841833
16,promotions,4,bulk,placement,uncached,0,14,31836625,0,31836625
16,promotions,4,bulk,placement,uncached,0,15,31879666,0,31879666
16,promotions,4,bulk,placement,uncached,0,16,31942083,0,31942083
16,promotions,4,bulk,placement,uncached,0,17,32040417,0,32040417
16,promotions,4,bulk,placement,uncached,0,18,31955833,0,31955833
16,promotions,4,bulk,placement,uncached,0,19,32216541,0,32216541
16,promotions,4,bulk,placement,uncached,0,20,32473042,0,32473042
16,promotions,4,bulk,placement,uncached,0,21,31837583,0,31837583
16,promotions,4,bulk,placement,cached,1,1,20548250,275541,20823791
16,promotions,4,bulk,placement,cached,1,2,21769708,334125,22103833
16,promotions,4,bulk,placement,cached,1,3,21542875,382333,21925208
16,promotions,4,bulk,placement,cached,1,4,23288000,416375,23704375
16,promotions,4,bulk,placement,cached,1,5,21776583,294625,22071208
16,promotions,4,bulk,placement,cached,1,6,21525792,342208,21868000
16,promotions,4,bulk,placement,cached,1,7,21592084,322250,21914334
16,promotions,4,bulk,placement,cached,1,8,21438000,309250,21747250
16,promotions,4,bulk,placement,cached,1,9,21415000,297291,21712291
16,promotions,4,bulk,placement,cached,1,10,22993459,367792,23361251
16,promotions,4,bulk,placement,cached,1,11,21783542,328875,22112417
16,promotions,4,bulk,placement,cached,1,12,23140750,381458,23522208
16,promotions,4,bulk,placement,cached,1,13,21009542,299625,21309167
16,promotions,4,bulk,placement,cached,1,14,21891292,327125,22218417
16,promotions,4,bulk,placement,cached,1,15,21317167,337541,21654708
16,promotions,4,bulk,placement,cached,1,16,21740292,339583,22079875
16,promotions,4,bulk,placement,cached,1,17,22780166,354042,23134208
16,promotions,4,bulk,placement,cached,1,18,21546333,343875,21890208
16,promotions,4,bulk,placement,cached,1,19,22262083,320125,22582208
16,promotions,4,bulk,placement,cached,1,20,22665125,351833,23016958
16,promotions,4,bulk,placement,cached,1,21,21489167,463166,21952333
16,promotions,4,bulk,placement,cached,2,1,20660584,288792,20949376
16,promotions,4,bulk,placement,cached,2,2,21177958,333334,21511292
16,promotions,4,bulk,placement,cached,2,3,22021000,300209,22321209
16,promotions,4,bulk,placement,cached,2,4,22876792,489583,23366375
16,promotions,4,bulk,placement,cached,2,5,21800084,322250,22122334
16,promotions,4,bulk,placement,cached,2,6,21470250,314625,21784875
16,promotions,4,bulk,placement,cached,2,7,22363584,368792,22732376
16,promotions,4,bulk,placement,cached,2,8,20775292,294666,21069958
16,promotions,4,bulk,placement,cached,2,9,21313208,317666,21630874
16,promotions,4,bulk,placement,cached,2,10,22603209,379458,22982667
16,promotions,4,bulk,placement,cached,2,11,22185833,321833,22507666
16,promotions,4,bulk,placement,cached,2,12,23363041,441750,23804791
16,promotions,4,bulk,placement,cached,2,13,21730084,319959,22050043
16,promotions,4,bulk,placement,cached,2,14,21676750,305708,21982458
16,promotions,4,bulk,placement,cached,2,15,22210167,325875,22536042
16,promotions,4,bulk,placement,cached,2,16,21191708,299666,21491374
16,promotions,4,bulk,placement,cached,2,17,23556083,395083,23951166
16,promotions,4,bulk,placement,cached,2,18,21668792,304042,21972834
16,promotions,4,bulk,placement,cached,2,19,22543958,419042,22963000
16,promotions,4,bulk,placement,cached,2,20,22222041,446250,22668291
16,promotions,4,bulk,placement,cached,2,21,21669917,318041,21987958
16,promotions,4,bulk,placement,cached,4,1,21207459,318458,21525917
16,promotions,4,bulk,placement,cached,4,2,21678375,302250,21980625
16,promotions,4,bulk,placement,cached,4,3,21779250,324959,22104209
16,promotions,4,bulk,placement,cached,4,4,23141000,368291,23509291
16,promotions,4,bulk,placement,cached,4,5,22473959,375375,22849334
16,promotions,4,bulk,placement,cached,4,6,22477208,325500,22802708
16,promotions,4,bulk,placement,cached,4,7,22651458,379875,23031333
16,promotions,4,bulk,placement,cached,4,8,21433000,275250,21708250
16,promotions,4,bulk,placement,cached,4,9,22012000,340000,22352000
16,promotions,4,bulk,placement,cached,4,10,22813000,372041,23185041
16,promotions,4,bulk,placement,cached,4,11,22784708,377208,23161916
16,promotions,4,bulk,placement,cached,4,12,42358833,368667,42727500
16,promotions,4,bulk,placement,cached,4,13,22541750,386916,22928666
16,promotions,4,bulk,placement,cached,4,14,21434458,306333,21740791
16,promotions,4,bulk,placement,cached,4,15,22229792,522291,22752083
16,promotions,4,bulk,placement,cached,4,16,21550125,332459,21882584
16,promotions,4,bulk,placement,cached,4,17,23887250,398750,24286000
16,promotions,4,bulk,placement,cached,4,18,21946792,321708,22268500
16,promotions,4,bulk,placement,cached,4,19,22902750,362333,23265083
16,promotions,4,bulk,placement,cached,4,20,22775375,332583,23107958
16,promotions,4,bulk,placement,cached,4,21,22362333,372917,22735250
16,promotions,4,apply,placement,uncached,0,1,67291750,0,67291750
16,promotions,4,apply,placement,uncached,0,2,67803458,0,67803458
16,promotions,4,apply,placement,uncached,0,3,67769709,0,67769709
16,promotions,4,apply,placement,uncached,0,4,69785834,0,69785834
16,promotions,4,apply,placement,uncached,0,5,68771000,0,68771000
16,promotions,4,apply,placement,uncached,0,6,67975417,0,67975417
16,promotions,4,apply,placement,uncached,0,7,73933833,0,73933833
16,promotions,4,apply,placement,uncached,0,8,67490209,0,67490209
16,promotions,4,apply,placement,uncached,0,9,67387708,0,67387708
16,promotions,4,apply,placement,uncached,0,10,69564208,0,69564208
16,promotions,4,apply,placement,uncached,0,11,68879042,0,68879042
16,promotions,4,apply,placement,uncached,0,12,129564167,0,129564167
16,promotions,4,apply,placement,uncached,0,13,68263166,0,68263166
16,promotions,4,apply,placement,uncached,0,14,68084500,0,68084500
16,promotions,4,apply,placement,uncached,0,15,68000375,0,68000375
16,promotions,4,apply,placement,uncached,0,16,67965625,0,67965625
16,promotions,4,apply,placement,uncached,0,17,70930959,0,70930959
16,promotions,4,apply,placement,uncached,0,18,67988208,0,67988208
16,promotions,4,apply,placement,uncached,0,19,68227042,0,68227042
16,promotions,4,apply,placement,uncached,0,20,69234959,0,69234959
16,promotions,4,apply,placement,uncached,0,21,68188167,0,68188167
16,promotions,4,apply,placement,cached,1,1,42814291,289334,43103625
16,promotions,4,apply,placement,cached,1,2,43290416,322000,43612416
16,promotions,4,apply,placement,cached,1,3,43532667,300750,43833417
16,promotions,4,apply,placement,cached,1,4,46009333,547500,46556833
16,promotions,4,apply,placement,cached,1,5,43616958,315208,43932166
16,promotions,4,apply,placement,cached,1,6,44537166,410208,44947374
16,promotions,4,apply,placement,cached,1,7,55098500,471000,55569500
16,promotions,4,apply,placement,cached,1,8,43065167,319375,43384542
16,promotions,4,apply,placement,cached,1,9,43390458,312166,43702624
16,promotions,4,apply,placement,cached,1,10,43683458,376208,44059666
16,promotions,4,apply,placement,cached,1,11,44058458,318500,44376958
16,promotions,4,apply,placement,cached,1,12,45631292,562584,46193876
16,promotions,4,apply,placement,cached,1,13,43851583,325875,44177458
16,promotions,4,apply,placement,cached,1,14,44227875,365916,44593791
16,promotions,4,apply,placement,cached,1,15,44240666,393333,44633999
16,promotions,4,apply,placement,cached,1,16,44400667,358917,44759584
16,promotions,4,apply,placement,cached,1,17,46353084,352584,46705668
16,promotions,4,apply,placement,cached,1,18,44087209,345000,44432209
16,promotions,4,apply,placement,cached,1,19,44111334,338542,44449876
16,promotions,4,apply,placement,cached,1,20,45759291,416250,46175541
16,promotions,4,apply,placement,cached,1,21,44042750,371084,44413834
16,promotions,4,apply,placement,cached,2,1,41776166,292875,42069041
16,promotions,4,apply,placement,cached,2,2,42500750,328583,42829333
16,promotions,4,apply,placement,cached,2,3,42505333,305333,42810666
16,promotions,4,apply,placement,cached,2,4,45139625,384083,45523708
16,promotions,4,apply,placement,cached,2,5,43429000,322958,43751958
16,promotions,4,apply,placement,cached,2,6,43144917,317125,43462042
16,promotions,4,apply,placement,cached,2,7,106958041,1396084,108354125
16,promotions,4,apply,placement,cached,2,8,42501958,349666,42851624
16,promotions,4,apply,placement,cached,2,9,42565792,423625,42989417
16,promotions,4,apply,placement,cached,2,10,44177625,329792,44507417
16,promotions,4,apply,placement,cached,2,11,43213584,348125,43561709
16,promotions,4,apply,placement,cached,2,12,44641875,334833,44976708
16,promotions,4,apply,placement,cached,2,13,43193458,325916,43519374
16,promotions,4,apply,placement,cached,2,14,43370500,346875,43717375
16,promotions,4,apply,placement,cached,2,15,43310125,327250,43637375
16,promotions,4,apply,placement,cached,2,16,43056875,320959,43377834
16,promotions,4,apply,placement,cached,2,17,45787334,366625,46153959
16,promotions,4,apply,placement,cached,2,18,43092625,366291,43458916
16,promotions,4,apply,placement,cached,2,19,44545250,325583,44870833
16,promotions,4,apply,placement,cached,2,20,44113625,336000,44449625
16,promotions,4,apply,placement,cached,2,21,44303542,375292,44678834
16,promotions,4,apply,placement,cached,4,1,42702792,319834,43022626
16,promotions,4,apply,placement,cached,4,2,42502917,304458,42807375
16,promotions,4,apply,placement,cached,4,3,43576958,326583,43903541
16,promotions,4,apply,placement,cached,4,4,45156250,493875,45650125
16,promotions,4,apply,placement,cached,4,5,44043541,387250,44430791
16,promotions,4,apply,placement,cached,4,6,43537209,350166,43887375
16,promotions,4,apply,placement,cached,4,7,69675709,419916,70095625
16,promotions,4,apply,placement,cached,4,8,42144792,297084,42441876
16,promotions,4,apply,placement,cached,4,9,43143125,342375,43485500
16,promotions,4,apply,placement,cached,4,10,43907375,336500,44243875
16,promotions,4,apply,placement,cached,4,11,43490541,360625,43851166
16,promotions,4,apply,placement,cached,4,12,45066334,415709,45482043
16,promotions,4,apply,placement,cached,4,13,44571125,371584,44942709
16,promotions,4,apply,placement,cached,4,14,43089250,326417,43415667
16,promotions,4,apply,placement,cached,4,15,43952209,341375,44293584
16,promotions,4,apply,placement,cached,4,16,43581791,317292,43899083
16,promotions,4,apply,placement,cached,4,17,45931000,540834,46471834
16,promotions,4,apply,placement,cached,4,18,43362709,311125,43673834
16,promotions,4,apply,placement,cached,4,19,43851500,341959,44193459
16,promotions,4,apply,placement,cached,4,20,44368459,361542,44730001
16,promotions,4,apply,placement,cached,4,21,44288209,459167,44747376
